2026-02-27 19:02:22,626 [INFO] Activator:176 - 


2026-02-27 19:02:22,629 [INFO] Activator:177 - !SESSION log4j initialized
2026-02-27 19:02:28,436 [INFO] LogOutputStream:77 - [STDOUT_REDIRECT] 
2026-02-27 19:02:55,970 [ERROR] LogOutputStream:75 - [STDERR_REDIRECT] SLF4J: Failed to load class "org.slf4j.impl.StaticLoggerBinder".
2026-02-27 19:02:55,971 [ERROR] LogOutputStream:75 - [STDERR_REDIRECT] SLF4J: Defaulting to no-operation (NOP) logger implementation
2026-02-27 19:02:55,973 [ERROR] LogOutputStream:75 - [STDERR_REDIRECT] SLF4J: See http://www.slf4j.org/codes.html#StaticLoggerBinder for further details.
2026-02-27 19:04:53,638 [INFO] ApplicationProperties:184 - Using Application install path: C:\ST\STM32CubeIDE_1.12.1\STM32CubeIDE\plugins\com.st.stm32cube.common.mx_6.8.1.202304191431
2026-02-27 19:04:53,659 [INFO] DbMcusXml:78 - Set database path to: C:\ST\STM32CubeIDE_1.12.1\STM32CubeIDE\plugins\com.st.stm32cube.common.mx_6.8.1.202304191431\\db\/mcu/
2026-02-27 19:04:53,659 [INFO] ApiDb:274 - Set plugin database path to: C:\ST\STM32CubeIDE_1.12.1\STM32CubeIDE\plugins\com.st.stm32cube.common.mx_6.8.1.202304191431\\db\/plugins/boardmanager/
2026-02-27 19:04:53,661 [WARN] ApiDb:259 - Overriding images path with different value:  => C:\ST\STM32CubeIDE_1.12.1\STM32CubeIDE\plugins\com.st.stm32cube.common.mx_6.8.1.202304191431\\db\/plugins/mcufinder/images/
2026-02-27 19:04:53,679 [INFO] ApiDb:250 - Set database path to: C:\Users\Роман\.stmcufinder\plugins\mcufinder//mcu/
2026-02-27 19:04:53,681 [INFO] DbMcusAds:125 - Set database path to: C:\Users\Роман\.stmcufinder\plugins\mcufinder//mcu/
2026-02-27 19:04:53,958 [INFO] CrossReferenceDbSqlite:203 - Set database path to: C:\Users\Роман\.stmcufinder\plugins\mcufinder//mcu/cs/
2026-02-27 19:04:54,059 [INFO] RulesReader:64 - Compatibility file has been processed (293 Rules)
2026-02-27 19:04:54,146 [INFO] DbMcusXml:78 - Set database path to: C:\ST\STM32CubeIDE_1.12.1\STM32CubeIDE\plugins\com.st.stm32cube.common.mx_6.8.1.202304191431\\db\/mcu/
2026-02-27 19:04:54,146 [INFO] ApiDb:274 - Set plugin database path to: C:\ST\STM32CubeIDE_1.12.1\STM32CubeIDE\plugins\com.st.stm32cube.common.mx_6.8.1.202304191431\\db\/plugins/boardmanager/
2026-02-27 19:04:54,146 [INFO] ApiDb:261 - Set plugin images path to: C:\ST\STM32CubeIDE_1.12.1\STM32CubeIDE\plugins\com.st.stm32cube.common.mx_6.8.1.202304191431\\db\/plugins/mcufinder/images/
2026-02-27 19:04:54,146 [WARN] DbFile:41 - Overriding database path with different value: C:\Users\Роман\.stmcufinder\plugins\mcufinder/ => C:\Users\Роман\.stmcufinder\plugins\mcufinder
2026-02-27 19:04:54,147 [INFO] ApiDb:250 - Set database path to: C:\Users\Роман\.stmcufinder\plugins\mcufinder//mcu/
2026-02-27 19:04:54,147 [WARN] DbFile:41 - Overriding database path with different value: C:\Users\Роман\.stmcufinder\plugins\mcufinder/ => C:\Users\Роман\.stmcufinder\plugins\mcufinder
2026-02-27 19:04:54,147 [INFO] DbMcusAds:125 - Set database path to: C:\Users\Роман\.stmcufinder\plugins\mcufinder//mcu/
2026-02-27 19:04:54,147 [WARN] DbFile:41 - Overriding database path with different value: C:\Users\Роман\.stmcufinder\plugins\mcufinder/ => C:\Users\Роман\.stmcufinder\plugins\mcufinder
2026-02-27 19:04:54,147 [WARN] DbFile:41 - Overriding database path with different value: C:\Users\Роман\.stmcufinder\plugins\mcufinder/ => C:\Users\Роман\.stmcufinder\plugins\mcufinder
2026-02-27 19:04:54,147 [INFO] CrossReferenceDbSqlite:203 - Set database path to: C:\Users\Роман\.stmcufinder\plugins\mcufinder//mcu/cs/
2026-02-27 19:04:54,226 [INFO] MainPanel:253 - HeapMemory: 268435456
2026-02-27 19:04:54,324 [INFO] DbMcusXml:78 - Set database path to: C:\ST\STM32CubeIDE_1.12.1\STM32CubeIDE\plugins\com.st.stm32cube.common.mx_6.8.1.202304191431\\db\/mcu/
2026-02-27 19:04:54,325 [INFO] ApiDb:274 - Set plugin database path to: C:\ST\STM32CubeIDE_1.12.1\STM32CubeIDE\plugins\com.st.stm32cube.common.mx_6.8.1.202304191431\\db\/plugins/boardmanager/
2026-02-27 19:04:54,325 [INFO] ApiDb:261 - Set plugin images path to: C:\ST\STM32CubeIDE_1.12.1\STM32CubeIDE\plugins\com.st.stm32cube.common.mx_6.8.1.202304191431\\db\/plugins/mcufinder/images/
2026-02-27 19:04:54,325 [WARN] DbFile:41 - Overriding database path with different value: C:\Users\Роман\.stmcufinder\plugins\mcufinder/ => C:\Users\Роман\.stmcufinder\plugins\mcufinder
2026-02-27 19:04:54,325 [INFO] ApiDb:250 - Set database path to: C:\Users\Роман\.stmcufinder\plugins\mcufinder//mcu/
2026-02-27 19:04:54,325 [WARN] DbFile:41 - Overriding database path with different value: C:\Users\Роман\.stmcufinder\plugins\mcufinder/ => C:\Users\Роман\.stmcufinder\plugins\mcufinder
2026-02-27 19:04:54,325 [INFO] DbMcusAds:125 - Set database path to: C:\Users\Роман\.stmcufinder\plugins\mcufinder//mcu/
2026-02-27 19:04:54,325 [WARN] DbFile:41 - Overriding database path with different value: C:\Users\Роман\.stmcufinder\plugins\mcufinder/ => C:\Users\Роман\.stmcufinder\plugins\mcufinder
2026-02-27 19:04:54,325 [WARN] DbFile:41 - Overriding database path with different value: C:\Users\Роман\.stmcufinder\plugins\mcufinder/ => C:\Users\Роман\.stmcufinder\plugins\mcufinder
2026-02-27 19:04:54,327 [INFO] CrossReferenceDbSqlite:203 - Set database path to: C:\Users\Роман\.stmcufinder\plugins\mcufinder//mcu/cs/
2026-02-27 19:04:54,347 [INFO] ApplicationProperties:184 - Using Application install path: C:\ST\STM32CubeIDE_1.12.1\STM32CubeIDE\plugins\com.st.stm32cube.common.mx_6.8.1.202304191431
2026-02-27 19:04:54,349 [INFO] PluginManage:196 - Search for loadable plugins [exclusion list=, ]
2026-02-27 19:04:54,351 [INFO] PluginManage:310 - Check plugin analytics
2026-02-27 19:04:59,498 [INFO] AnalyticsPlugin:253 - Accepted Software Licenses: 
2026-02-27 19:04:59,498 [INFO] AnalyticsPlugin:255 - Accepted CMSIS Pack Licenses: 
2026-02-27 19:04:59,498 [INFO] AnalyticsPlugin:257 - Accepted Firmware Licenses: 
2026-02-27 19:04:59,507 [INFO] PluginManage:359 - Loaded plugin analytics (category:tool,tabindex:-1)
2026-02-27 19:04:59,507 [INFO] PluginManage:310 - Check plugin cadmodel
2026-02-27 19:04:59,513 [INFO] CADModel:105 - Init CAD model plugin
2026-02-27 19:04:59,514 [INFO] PluginManage:359 - Loaded plugin cadmodel (category:power,tabindex:5)
2026-02-27 19:04:59,514 [INFO] PluginManage:310 - Check plugin clock
2026-02-27 19:04:59,529 [INFO] PluginManage:359 - Loaded plugin clock (category:base,tabindex:2)
2026-02-27 19:04:59,530 [INFO] PluginManage:310 - Check plugin ddr
2026-02-27 19:04:59,533 [INFO] PluginManage:359 - Loaded plugin ddr (category:tool,tabindex:6)
2026-02-27 19:04:59,533 [INFO] PluginManage:310 - Check plugin filemanager
2026-02-27 19:04:59,676 [INFO] PluginManage:359 - Loaded plugin filemanager (category:base,tabindex:10)
2026-02-27 19:04:59,676 [INFO] PluginManage:310 - Check plugin ipmanager
2026-02-27 19:04:59,686 [INFO] PluginManage:359 - Loaded plugin ipmanager (category:base,tabindex:5)
2026-02-27 19:04:59,686 [INFO] PluginManage:310 - Check plugin lpbam
2026-02-27 19:04:59,698 [INFO] PluginManage:359 - Loaded plugin lpbam (category:base,tabindex:0)
2026-02-27 19:04:59,698 [INFO] PluginManage:310 - Check plugin pinoutandconfiguration
2026-02-27 19:04:59,708 [INFO] PluginManage:359 - Loaded plugin pinoutandconfiguration (category:base,tabindex:1)
2026-02-27 19:04:59,709 [INFO] PluginManage:310 - Check plugin pinoutconfig
2026-02-27 19:04:59,812 [WARN] SupportedApi:132 - Cannot load RTOS API schema: s4s-elt-must-match.1: The content of 'definitions' must match (annotation?, (simpleType | complexType)?, (unique | key | keyref)*)). A problem was found starting at: attribute.
2026-02-27 19:04:59,986 [INFO] PluginManage:359 - Loaded plugin pinoutconfig (category:base,tabindex:0)
2026-02-27 19:04:59,986 [INFO] PluginManage:310 - Check plugin power
2026-02-27 19:05:00,000 [INFO] PluginManage:359 - Loaded plugin power (category:power,tabindex:4)
2026-02-27 19:05:00,000 [INFO] PluginManage:310 - Check plugin projectmanager
2026-02-27 19:05:00,020 [INFO] PluginManage:359 - Loaded plugin projectmanager (category:projectmanager,tabindex:3)
2026-02-27 19:05:00,020 [INFO] PluginManage:310 - Check plugin thirdparty
2026-02-27 19:05:00,150 [INFO] PluginManage:359 - Loaded plugin thirdparty (category:base,tabindex:-1)
2026-02-27 19:05:00,150 [WARN] IntegrityCheckThread:84 - waiting for thirdparty lock release [integrity check]
2026-02-27 19:05:00,151 [INFO] IntegrityCheckThread:86 - entering critical section [integrity check]
2026-02-27 19:05:00,151 [INFO] PluginManage:310 - Check plugin tools
2026-02-27 19:05:00,153 [INFO] ThirdPartyUpdaterWithRetryManager:70 - Updater plugin not ready yet. [1/15]
2026-02-27 19:05:00,154 [INFO] PluginManage:359 - Loaded plugin tools (category:base,tabindex:7)
2026-02-27 19:05:00,154 [INFO] PluginManage:310 - Check plugin tutovideos
2026-02-27 19:05:00,367 [INFO] PluginManage:359 - Loaded plugin tutovideos (category:base,tabindex:-1)
2026-02-27 19:05:00,367 [INFO] PluginManage:310 - Check plugin updater
2026-02-27 19:05:00,384 [INFO] PluginManage:359 - Loaded plugin updater (category:base,tabindex:12)
2026-02-27 19:05:00,385 [INFO] PluginManage:283 - PluginManage : Loaded plugins [15]
2026-02-27 19:05:00,677 [INFO] PinOutPanel:1499 - setPackage(No Configuration,No Configuration)
2026-02-27 19:05:00,756 [INFO] CADModel:165 - CPN selected for project level
2026-02-27 19:05:00,756 [INFO] CADModel:114 - Register for checkConnection events
2026-02-27 19:05:00,777 [INFO] IPUIPlugin:80 - create IPUIPlugin
2026-02-27 19:05:00,777 [INFO] PluginManager:220 - loadIPPluginJar : add adc
2026-02-27 19:05:00,781 [INFO] IPUIPlugin:80 - create IPUIPlugin
2026-02-27 19:05:00,782 [INFO] PluginManager:220 - loadIPPluginJar : add aes
2026-02-27 19:05:00,784 [INFO] IPUIPlugin:80 - create IPUIPlugin
2026-02-27 19:05:00,784 [INFO] PluginManager:220 - loadIPPluginJar : add can
2026-02-27 19:05:00,787 [INFO] IPUIPlugin:80 - create IPUIPlugin
2026-02-27 19:05:00,787 [INFO] PluginManager:220 - loadIPPluginJar : add comp
2026-02-27 19:05:00,790 [INFO] IPUIPlugin:80 - create IPUIPlugin
2026-02-27 19:05:00,790 [INFO] PluginManager:220 - loadIPPluginJar : add cryp
2026-02-27 19:05:00,793 [INFO] IPUIPlugin:80 - create IPUIPlugin
2026-02-27 19:05:00,793 [INFO] PluginManager:220 - loadIPPluginJar : add dfsdm
2026-02-27 19:05:00,800 [INFO] IPUIPlugin:80 - create IPUIPlugin
2026-02-27 19:05:00,801 [INFO] PluginManager:220 - loadIPPluginJar : add dma
2026-02-27 19:05:00,804 [INFO] IPUIPlugin:80 - create IPUIPlugin
2026-02-27 19:05:00,804 [INFO] PluginManager:220 - loadIPPluginJar : add dma3
2026-02-27 19:05:00,805 [INFO] IPUIPlugin:80 - create IPUIPlugin
2026-02-27 19:05:00,806 [INFO] PluginManager:220 - loadIPPluginJar : add fatfs
2026-02-27 19:05:00,812 [INFO] IPUIPlugin:80 - create IPUIPlugin
2026-02-27 19:05:00,812 [INFO] PluginManager:220 - loadIPPluginJar : add fmc
2026-02-27 19:05:00,819 [INFO] IPUIPlugin:80 - create IPUIPlugin
2026-02-27 19:05:00,819 [INFO] PluginManager:220 - loadIPPluginJar : add freertos
2026-02-27 19:05:00,821 [INFO] IPUIPlugin:80 - create IPUIPlugin
2026-02-27 19:05:00,821 [INFO] PluginManager:220 - loadIPPluginJar : add genericplugin
2026-02-27 19:05:00,823 [INFO] IPUIPlugin:80 - create IPUIPlugin
2026-02-27 19:05:00,823 [INFO] PluginManager:220 - loadIPPluginJar : add gfxmmu
2026-02-27 19:05:00,829 [INFO] IPUIPlugin:80 - create IPUIPlugin
2026-02-27 19:05:00,829 [INFO] PluginManager:220 - loadIPPluginJar : add gic
2026-02-27 19:05:00,833 [INFO] IPUIPlugin:80 - create IPUIPlugin
2026-02-27 19:05:00,834 [INFO] PluginManager:220 - loadIPPluginJar : add gpio
2026-02-27 19:05:00,837 [INFO] IPUIPlugin:80 - create IPUIPlugin
2026-02-27 19:05:00,837 [INFO] PluginManager:220 - loadIPPluginJar : add gtzc
2026-02-27 19:05:00,841 [INFO] IPUIPlugin:80 - create IPUIPlugin
2026-02-27 19:05:00,842 [INFO] PluginManager:220 - loadIPPluginJar : add hash
2026-02-27 19:05:00,845 [INFO] IPUIPlugin:80 - create IPUIPlugin
2026-02-27 19:05:00,845 [INFO] PluginManager:220 - loadIPPluginJar : add i2c
2026-02-27 19:05:00,848 [INFO] IPUIPlugin:80 - create IPUIPlugin
2026-02-27 19:05:00,848 [INFO] PluginManager:220 - loadIPPluginJar : add i2s
2026-02-27 19:05:00,852 [INFO] IPUIPlugin:80 - create IPUIPlugin
2026-02-27 19:05:00,852 [INFO] PluginManager:220 - loadIPPluginJar : add i3c
2026-02-27 19:05:00,857 [INFO] IPUIPlugin:80 - create IPUIPlugin
2026-02-27 19:05:00,857 [INFO] PluginManager:220 - loadIPPluginJar : add ipddr
2026-02-27 19:05:00,865 [INFO] IPUIPlugin:80 - create IPUIPlugin
2026-02-27 19:05:00,865 [INFO] PluginManager:220 - loadIPPluginJar : add linkedlist
2026-02-27 19:05:00,868 [INFO] IPUIPlugin:80 - create IPUIPlugin
2026-02-27 19:05:00,868 [INFO] PluginManager:220 - loadIPPluginJar : add lorawan
2026-02-27 19:05:00,870 [INFO] IPUIPlugin:80 - create IPUIPlugin
2026-02-27 19:05:00,870 [INFO] PluginManager:220 - loadIPPluginJar : add ltdc
2026-02-27 19:05:00,876 [INFO] IPUIPlugin:80 - create IPUIPlugin
2026-02-27 19:05:00,878 [INFO] PluginManager:220 - loadIPPluginJar : add mdma
2026-02-27 19:05:00,881 [INFO] IPUIPlugin:80 - create IPUIPlugin
2026-02-27 19:05:00,882 [INFO] PluginManager:220 - loadIPPluginJar : add nvic
2026-02-27 19:05:00,884 [INFO] IPUIPlugin:80 - create IPUIPlugin
2026-02-27 19:05:00,884 [INFO] PluginManager:220 - loadIPPluginJar : add opamp
2026-02-27 19:05:00,890 [INFO] IPUIPlugin:80 - create IPUIPlugin
2026-02-27 19:05:00,890 [INFO] PluginManager:220 - loadIPPluginJar : add openamp
2026-02-27 19:05:00,894 [INFO] IPUIPlugin:80 - create IPUIPlugin
2026-02-27 19:05:00,894 [INFO] PluginManager:220 - loadIPPluginJar : add pdm2pcm
2026-02-27 19:05:00,901 [INFO] IPUIPlugin:80 - create IPUIPlugin
2026-02-27 19:05:00,904 [INFO] PluginManager:220 - loadIPPluginJar : add plateformsettings
2026-02-27 19:05:00,907 [INFO] IPUIPlugin:80 - create IPUIPlugin
2026-02-27 19:05:00,907 [INFO] PluginManager:220 - loadIPPluginJar : add quadspi
2026-02-27 19:05:00,912 [INFO] IPUIPlugin:80 - create IPUIPlugin
2026-02-27 19:05:00,912 [INFO] PluginManager:220 - loadIPPluginJar : add resmgrutility
2026-02-27 19:05:00,915 [INFO] IPUIPlugin:80 - create IPUIPlugin
2026-02-27 19:05:00,915 [INFO] PluginManager:220 - loadIPPluginJar : add sai
2026-02-27 19:05:00,918 [INFO] IPUIPlugin:80 - create IPUIPlugin
2026-02-27 19:05:00,918 [INFO] PluginManager:220 - loadIPPluginJar : add spi
2026-02-27 19:05:00,924 [INFO] IPUIPlugin:80 - create IPUIPlugin
2026-02-27 19:05:00,926 [INFO] PluginManager:220 - loadIPPluginJar : add stm32_wpan
2026-02-27 19:05:00,927 [INFO] IPUIPlugin:80 - create IPUIPlugin
2026-02-27 19:05:00,928 [INFO] PluginManager:220 - loadIPPluginJar : add tim
2026-02-27 19:05:00,931 [INFO] IPUIPlugin:80 - create IPUIPlugin
2026-02-27 19:05:00,932 [INFO] PluginManager:220 - loadIPPluginJar : add touchsensing
2026-02-27 19:05:00,934 [INFO] IPUIPlugin:80 - create IPUIPlugin
2026-02-27 19:05:00,934 [INFO] PluginManager:220 - loadIPPluginJar : add tracer_emb
2026-02-27 19:05:00,937 [INFO] IPUIPlugin:80 - create IPUIPlugin
2026-02-27 19:05:00,938 [INFO] PluginManager:220 - loadIPPluginJar : add ts
2026-02-27 19:05:00,940 [INFO] IPUIPlugin:80 - create IPUIPlugin
2026-02-27 19:05:00,940 [INFO] PluginManager:220 - loadIPPluginJar : add tsc
2026-02-27 19:05:00,941 [INFO] IPUIPlugin:80 - create IPUIPlugin
2026-02-27 19:05:00,943 [INFO] PluginManager:220 - loadIPPluginJar : add ucpd
2026-02-27 19:05:00,946 [INFO] IPUIPlugin:80 - create IPUIPlugin
2026-02-27 19:05:00,946 [INFO] PluginManager:220 - loadIPPluginJar : add usart
2026-02-27 19:05:00,951 [INFO] IPUIPlugin:80 - create IPUIPlugin
2026-02-27 19:05:00,951 [INFO] PluginManager:220 - loadIPPluginJar : add usbx
2026-02-27 19:05:01,092 [INFO] CADModel:165 - CPN selected for project level
2026-02-27 19:05:01,092 [INFO] CADModel:114 - Register for checkConnection events
2026-02-27 19:05:01,092 [FATAL] Updater:308 - Updater called before beeing initialized
2026-02-27 19:05:01,092 [ERROR] CADModel:125 - Updater not yet initialized, retry later 
2026-02-27 19:05:01,265 [INFO] CADModel:165 - CPN selected for project level
2026-02-27 19:05:01,265 [INFO] CADModel:114 - Register for checkConnection events
2026-02-27 19:05:01,265 [FATAL] Updater:308 - Updater called before beeing initialized
2026-02-27 19:05:01,265 [ERROR] CADModel:125 - Updater not yet initialized, retry later 
2026-02-27 19:05:01,270 [FATAL] Updater:308 - Updater called before beeing initialized
2026-02-27 19:05:01,430 [FATAL] Updater:308 - Updater called before beeing initialized
2026-02-27 19:05:01,442 [INFO] DbMcusAds:53 - JSON generation date=Wed May 07 12:07:55 MSK 2025 (1746608875484)
2026-02-27 19:05:01,442 [FATAL] Updater:308 - Updater called before beeing initialized
2026-02-27 19:05:01,484 [WARN] DetailPanel:346 - Failed to get advertising image, set to default
2026-02-27 19:05:01,594 [FATAL] Updater:308 - Updater called before beeing initialized
2026-02-27 19:05:01,597 [FATAL] Updater:308 - Updater called before beeing initialized
2026-02-27 19:05:01,598 [FATAL] Updater:308 - Updater called before beeing initialized
2026-02-27 19:05:01,598 [WARN] DetailPanel:346 - Failed to get advertising image, set to default
2026-02-27 19:05:01,598 [FATAL] Updater:308 - Updater called before beeing initialized
2026-02-27 19:05:01,652 [ERROR] Updater:1120 - MainUpdater not yet initialized. External WinMGr cannot be set.
2026-02-27 19:05:01,655 [INFO] Updater:1056 - Updater Version found : 6.8.1
2026-02-27 19:05:01,676 [INFO] ApplicationProperties:184 - Using Application install path: C:\ST\STM32CubeIDE_1.12.1\STM32CubeIDE\plugins\com.st.stm32cube.common.mx_6.8.1.202304191431
2026-02-27 19:05:01,710 [INFO] MainUpdater:519 - Copy updater definitions from MX database
2026-02-27 19:05:01,740 [INFO] MainUpdater:552 - Copy flag file definitions from MX database
2026-02-27 19:05:01,743 [INFO] MainUpdater:568 - Copy thirdparty index definitions from MX database
2026-02-27 19:05:01,746 [INFO] MainUpdater:587 - Copy default thirdparty db definitions from MX database
2026-02-27 19:05:02,006 [ERROR] ServerAccessManage:1096 - Problem, Http access forbiden
2026-02-27 19:05:02,010 [INFO] MainUpdater:2854 - connection check result : 22
2026-02-27 19:05:02,011 [INFO] MainUpdater:283 - Updater Check For Update Now.
2026-02-27 19:05:02,012 [INFO] MicroXplorer:498 - Change Database Version : DB.6.0.81
2026-02-27 19:05:02,070 [WARN] CheckServerUpdateThread:151 - Open CheckUpdateFile Fail
2026-02-27 19:05:02,247 [INFO] CheckServerUpdateThread:120 - End of CheckServer Thread
2026-02-27 19:05:02,329 [ERROR] ServerAccessManage:1096 - Problem, Http access forbiden
2026-02-27 19:05:02,330 [INFO] MainUpdater:2854 - connection check result : 22
2026-02-27 19:05:03,222 [INFO] ThirdParty:978 - Integrity check success = true
2026-02-27 19:05:03,222 [INFO] IntegrityCheckThread:100 - exiting critical section [integrity check]
2026-02-27 19:05:03,222 [INFO] IntegrityCheckThread:103 - End integrity checks thread
2026-02-27 19:05:53,460 [ERROR] ServerAccessManage:1096 - Problem, Http access forbiden
2026-02-27 19:05:53,462 [INFO] MainUpdater:2854 - connection check result : 22
2026-02-27 19:06:34,102 [ERROR] ServerAccessManage:1096 - Problem, Http access forbiden
2026-02-27 19:06:34,104 [INFO] MainUpdater:2854 - connection check result : 22
2026-02-27 19:06:37,068 [INFO] ApiDb:581 - Connected to CubeFinder SQLite database (C:\Users\Роман\.stmcufinder\plugins\mcufinder\mcu\cube-finder-db.db)
2026-02-27 19:06:37,165 [INFO] ApiDb:668 - CubeFinder database Data Model version=2.1
2026-02-27 19:06:37,165 [INFO] ApiDb:669 - CubeFinder database Configuration version=3.0.39
2026-02-27 19:06:37,165 [INFO] ApiDb:670 - CubeFinder database generation date=2025-05-20 (1747743314)
2026-02-27 19:06:37,166 [INFO] ApiDb:671 - CubeFinder database FW Pack versions=[FP-ATR-ASTRA1_V2.0.0, FP-SNS-FLIGHT1_V5.1.0, FP-SNS-MOTENV1_V5.0.0, FP-SNS-MOTENVWB1_V1.4.0, FP-SNS-SMARTAG2_V1.2.0, FP-SNS-STBOX1_V2.0.0, STM32Cube_FW_C0_V1.4.0, STM32Cube_FW_F4_V1.28.2, STM32Cube_FW_F7_V1.17.3, STM32Cube_FW_G0_V1.6.2, STM32Cube_FW_G4_V1.6.1, STM32Cube_FW_H5_V1.5.0, STM32Cube_FW_H7RS_V1.2.0, STM32Cube_FW_H7_V1.12.1, STM32Cube_FW_L0_V1.12.2, STM32Cube_FW_L4_V1.18.1, STM32Cube_FW_L5_V1.5.1, STM32Cube_FW_N6_V1.1.1, STM32Cube_FW_U0_V1.2.0, STM32Cube_FW_U3_V1.1.0, STM32Cube_FW_U5_V1.7.0, STM32Cube_FW_WB0_V1.2.0, STM32Cube_FW_WBA_V1.6.0, STM32Cube_FW_WB_V1.22.0, STM32Cube_FW_WL3_V1.1.0, STM32Cube_FW_WL_V1.3.1, X-CUBE-ALGOBUILD_V1.4.0, X-CUBE-ALS_V1.0.2, X-CUBE-AZRTOS-F4_V1.1.0, X-CUBE-AZRTOS-F7_V1.1.0, X-CUBE-AZRTOS-G0_V1.1.0, X-CUBE-AZRTOS-G4_V2.0.0, X-CUBE-AZRTOS-H7RS_V1.1.0, X-CUBE-AZRTOS-H7_V3.3.0, X-CUBE-AZRTOS-L4_V2.0.0, X-CUBE-AZRTOS-L5_V2.0.0, X-CUBE-AZRTOS-WB_V2.0.0, X-CUBE-AZRTOS-WL_V2.0.0, X-CUBE-BLE1_V7.1.0, X-CUBE-BLE2_V3.3.0, X-CUBE-BLEMGR_V4.0.0, X-CUBE-EEPRMA1_V5.1.0, X-CUBE-FREERTOS_V1.3.1, X-CUBE-GNSS1_V6.0.0, X-CUBE-MEMS1_V11.2.0, X-CUBE-NFC4_V3.0.0, X-CUBE-NFC7_V2.0.0, X-CUBE-SFXS2LP1_V4.0.0, X-CUBE-SUBG2_V5.0.0, X-CUBE-TOF1_V3.4.3]
2026-02-27 19:06:37,301 [INFO] DbBoardsSqlite:226 - include board P-NUCLEO-WB55-NUCLEO as a kit item of type 'Nucleo-64'
2026-02-27 19:06:37,301 [INFO] DbBoardsSqlite:226 - include board P-NUCLEO-WB55-USBDONGLE as a kit item of type 'Nucleo USB Dongle'
2026-02-27 19:06:37,303 [INFO] DbBoardsSqlite:226 - include board STEVAL-IDP005V1 as a kit item of type 'Evaluation Board'
2026-02-27 19:06:37,303 [INFO] DbBoardsSqlite:226 - include board STEVAL-IDP005V2 as a kit item of type 'Evaluation Board'
2026-02-27 19:06:37,646 [INFO] ApiDb:240 - Found 297 in-development CPN: [B-G473E-ZEST1S, B-WB1M-WPAN1, B-WL5M-SUBG1, NUCLEO-C031C6, NUCLEO-H503RB, NUCLEO-H563ZI, NUCLEO-U545RE-Q, NUCLEO-U5A5ZJ-Q, NUCLEO-WBA52CG, STEVAL-PROTEUS1, STEVAL-STWINBX1, STM320518-EVAL, STM32C0116-DK, STM32C011D6Y3TR, STM32C011D6Y6TR, STM32C011F4P3, STM32C011F4P6, STM32C011F4U3, STM32C011F4U6TR, STM32C011F6P3, STM32C011F6P6, STM32C011F6U3, STM32C011F6U6TR, STM32C011J4M3, STM32C011J4M6, STM32C011J6M3, STM32C011J6M6, STM32C0316-DK, STM32C031C4T3, STM32C031C4T6, STM32C031C4U3, STM32C031C4U6, STM32C031C6T3, STM32C031C6T6, STM32C031C6U3, STM32C031C6U6, STM32C031F4P3, STM32C031F4P6, STM32C031F6P3, STM32C031F6P6, STM32C031G4U3, STM32C031G4U6, STM32C031G6U3, STM32C031G6U6, STM32C031K4T3, STM32C031K4T6, STM32C031K4U3, STM32C031K4U6, STM32C031K6T3, STM32C031K6T6, STM32C031K6U3, STM32C031K6U6, STM32G071K8TXN, STM32G071K8UXN, STM32G081GBU6N, STM32G081KBT6N, STM32G081KBUXN, STM32G0B1CCT6N, STM32G0B1KCT6, STM32G0B1NEY6TR, STM32G0B1RCT6N, STM32G0C1CCT6, STM32G0C1CCT6N, STM32G0C1CCU6N, STM32G0C1CET6N, STM32G0C1CEU6N, STM32G0C1KCT6, STM32G0C1NEY6TR, STM32G0C1RCI6N, STM32G0C1RCT6N, STM32G0C1REI6N, STM32G0C1RET6N, STM32G0C1VCI6, STM32G0C1VEI6, STM32G471CCT6, STM32G471CCU6, STM32G471CET3, STM32G471CET6, STM32G471CEU3, STM32G471CEU6, STM32G471MCT6, STM32G471MET3, STM32G471MET6, STM32G471MEY6TR, STM32G471QCT6, STM32G471QET3, STM32G471RCT6, STM32G471RET3, STM32G471RET6, STM32G471VCH6, STM32G471VCI6, STM32G471VCT6, STM32G471VEH3, STM32G471VEH6, STM32G471VEI3, STM32G471VEI6, STM32G471VET3, STM32G471VET6, STM32G474CCT6, STM32H503CBT6, STM32H503CBU6, STM32H503EBY6TR, STM32H503KBU6, STM32H503RBT6, STM32H562AGI6, STM32H562AII6, STM32H562IGK6, STM32H562IGT6, STM32H562IIK6, STM32H562IIT6, STM32H562RGT6, STM32H562RGV6, STM32H562RIT6, STM32H562RIV6, STM32H562VGT6, STM32H562VIT6, STM32H562ZGT6, STM32H562ZIT6, STM32H563AGI6, STM32H563AII3Q, STM32H563AII6, STM32H563IGK6, STM32H563IGT6, STM32H563IIK3Q, STM32H563IIK6, STM32H563IIT3Q, STM32H563IIT6, STM32H563MIY3QTR, STM32H563RGT6, STM32H563RGV6, STM32H563RIT6, STM32H563RIV6, STM32H563VGT6, STM32H563VIT3Q, STM32H563VIT6, STM32H563ZGT6, STM32H563ZIT3Q, STM32H563ZIT6, STM32H573AII3Q, STM32H573AII6, STM32H573I-DK, STM32H573IIK3Q, STM32H573IIK6, STM32H573IIT3Q, STM32H573IIT6, STM32H573MIY3QTR, STM32H573RIT6, STM32H573RIV6, STM32H573VIT3Q, STM32H573VIT6, STM32H573ZIT3Q, STM32H573ZIT6, STM32L4R5QGI6STR, STM32MP131AAE3, STM32MP131AAF3, STM32MP131AAG3, STM32MP131CAE3, STM32MP131CAF3, STM32MP131CAG3, STM32MP131DAE7, STM32MP131DAF7, STM32MP131DAG7, STM32MP131FAE7, STM32MP131FAF7, STM32MP131FAG7, STM32MP133AAE3, STM32MP133AAF3, STM32MP133AAG3, STM32MP133CAE3, STM32MP133CAF3, STM32MP133CAG3, STM32MP133DAE7, STM32MP133DAF7, STM32MP133DAG7, STM32MP133FAE7, STM32MP133FAF7, STM32MP133FAG7, STM32MP135AAE3, STM32MP135AAF3, STM32MP135AAG3, STM32MP135CAE3, STM32MP135CAF3, STM32MP135CAG3, STM32MP135DAE7, STM32MP135DAF7, STM32MP135DAG7, STM32MP135F-DK, STM32MP135FAE7, STM32MP135FAF7, STM32MP135FAF7T, STM32MP135FAF7U, STM32MP135FAG7, STM32U535CBT6, STM32U535CBT6Q, STM32U535CBU6, STM32U535CBU6Q, STM32U535CCT6, STM32U535CCT6Q, STM32U535CCU6, STM32U535CCU6Q, STM32U535CET6, STM32U535CET6Q, STM32U535CEU6, STM32U535CEU6Q, STM32U535JEY6QTR, STM32U535NCY6QTR, STM32U535NEY6QTR, STM32U535RBI6, STM32U535RBI6Q, STM32U535RBT6, STM32U535RBT6Q, STM32U535RCI6, STM32U535RCI6Q, STM32U535RCT6, STM32U535RCT6Q, STM32U535REI6, STM32U535REI6Q, STM32U535RET6, STM32U535RET6Q, STM32U535VCI6, STM32U535VCI6Q, STM32U535VCT6, STM32U535VCT6Q, STM32U535VEI6, STM32U535VEI6Q, STM32U535VET6, STM32U535VET6Q, STM32U545CET6, STM32U545CET6Q, STM32U545CEU6, STM32U545CEU6Q, STM32U545JEY6QTR, STM32U545NEY6QTR, STM32U545REI6, STM32U545REI6Q, STM32U545RET6, STM32U545RET6Q, STM32U545VEI6, STM32U545VEI6Q, STM32U545VET6, STM32U545VET6Q, STM32U595AIH6, STM32U595AIH6Q, STM32U595AJH6, STM32U595AJH6Q, STM32U595QII6, STM32U595QII6Q, STM32U595QJI6, STM32U595QJI6Q, STM32U595RIT6, STM32U595RIT6Q, STM32U595RJT6, STM32U595RJT6Q, STM32U595VIT6, STM32U595VIT6Q, STM32U595VJT6, STM32U595VJT6Q, STM32U595ZIT6, STM32U595ZIT6Q, STM32U595ZIY6QTR, STM32U595ZJT6, STM32U595ZJT6Q, STM32U595ZJY6QTR, STM32U599BJY6QTR, STM32U599NIH6Q, STM32U599NJH6Q, STM32U599VIT6Q, STM32U599VJT6, STM32U599VJT6Q, STM32U599ZIT6Q, STM32U599ZIY6QTR, STM32U599ZJT6Q, STM32U599ZJY6QTR, STM32U5A5AJH6, STM32U5A5AJH6Q, STM32U5A5QJI6, STM32U5A5QJI6Q, STM32U5A5RJT6, STM32U5A5RJT6Q, STM32U5A5VJT6, STM32U5A5VJT6Q, STM32U5A5ZJT6, STM32U5A5ZJT6Q, STM32U5A5ZJY6QTR, STM32U5A9BJY6QTR, STM32U5A9J-DK, STM32U5A9NJH6Q, STM32U5A9VJT6Q, STM32U5A9ZJT6Q, STM32U5A9ZJY6QTR, STM32WB1MMCH6, STM32WBA52CEU6, STM32WBA52CEU6T, STM32WBA52CGU6, STM32WBA52CGU6T, STM32WL5MOCH6, STM32WL5MOCH6TR]
2026-02-27 19:06:37,684 [INFO] BoardInfo:880 - No configuration file found for board B-WBA5M-WPAN
2026-02-27 19:06:37,685 [INFO] DbBoards:157 - Board is not supported: B-WBA5M-WPAN
2026-02-27 19:06:37,699 [INFO] BoardInfo:880 - No configuration file found for board NUCLEO-C051C8
2026-02-27 19:06:37,699 [INFO] DbBoards:157 - Board is not supported: NUCLEO-C051C8
2026-02-27 19:06:37,701 [INFO] BoardInfo:880 - No configuration file found for board NUCLEO-C071RB
2026-02-27 19:06:37,701 [INFO] DbBoards:157 - Board is not supported: NUCLEO-C071RB
2026-02-27 19:06:37,703 [INFO] BoardInfo:880 - No configuration file found for board NUCLEO-C092RC
2026-02-27 19:06:37,703 [INFO] DbBoards:157 - Board is not supported: NUCLEO-C092RC
2026-02-27 19:06:37,763 [INFO] BoardInfo:880 - No configuration file found for board NUCLEO-H533RE
2026-02-27 19:06:37,763 [INFO] DbBoards:157 - Board is not supported: NUCLEO-H533RE
2026-02-27 19:06:37,777 [INFO] BoardInfo:880 - No configuration file found for board NUCLEO-H7S3L8
2026-02-27 19:06:37,777 [INFO] DbBoards:157 - Board is not supported: NUCLEO-H7S3L8
2026-02-27 19:06:37,807 [INFO] BoardInfo:880 - No configuration file found for board NUCLEO-N657X0-Q
2026-02-27 19:06:37,807 [INFO] DbBoards:157 - Board is not supported: NUCLEO-N657X0-Q
2026-02-27 19:06:37,808 [INFO] BoardInfo:880 - No configuration file found for board NUCLEO-U031R8
2026-02-27 19:06:37,808 [INFO] DbBoards:157 - Board is not supported: NUCLEO-U031R8
2026-02-27 19:06:37,809 [INFO] BoardInfo:880 - No configuration file found for board NUCLEO-U083RC
2026-02-27 19:06:37,810 [INFO] DbBoards:157 - Board is not supported: NUCLEO-U083RC
2026-02-27 19:06:37,811 [INFO] BoardInfo:880 - No configuration file found for board NUCLEO-U385RG-Q
2026-02-27 19:06:37,811 [INFO] DbBoards:157 - Board is not supported: NUCLEO-U385RG-Q
2026-02-27 19:06:37,815 [INFO] BoardInfo:880 - No configuration file found for board NUCLEO-WB05KZ
2026-02-27 19:06:37,815 [INFO] DbBoards:157 - Board is not supported: NUCLEO-WB05KZ
2026-02-27 19:06:37,817 [INFO] BoardInfo:880 - No configuration file found for board NUCLEO-WB07CC
2026-02-27 19:06:37,817 [INFO] DbBoards:157 - Board is not supported: NUCLEO-WB07CC
2026-02-27 19:06:37,818 [INFO] BoardInfo:880 - No configuration file found for board NUCLEO-WB09KE
2026-02-27 19:06:37,818 [INFO] DbBoards:157 - Board is not supported: NUCLEO-WB09KE
2026-02-27 19:06:37,824 [INFO] BoardInfo:880 - No configuration file found for board NUCLEO-WBA55CG
2026-02-27 19:06:37,824 [INFO] DbBoards:157 - Board is not supported: NUCLEO-WBA55CG
2026-02-27 19:06:37,825 [INFO] BoardInfo:880 - No configuration file found for board NUCLEO-WBA65RI
2026-02-27 19:06:37,825 [INFO] DbBoards:157 - Board is not supported: NUCLEO-WBA65RI
2026-02-27 19:06:37,827 [INFO] BoardInfo:880 - No configuration file found for board NUCLEO-WL33CC1
2026-02-27 19:06:37,827 [INFO] DbBoards:157 - Board is not supported: NUCLEO-WL33CC1
2026-02-27 19:06:37,828 [INFO] BoardInfo:880 - No configuration file found for board NUCLEO-WL33CC2
2026-02-27 19:06:37,828 [INFO] DbBoards:157 - Board is not supported: NUCLEO-WL33CC2
2026-02-27 19:06:37,834 [INFO] BoardInfo:880 - No configuration file found for board P-NUCLEO-WB55
2026-02-27 19:06:37,834 [INFO] DbBoards:157 - Kit is not supported: P-NUCLEO-WB55
2026-02-27 19:06:37,839 [INFO] BoardInfo:880 - No configuration file found for board STEVAL-BFA001V1B
2026-02-27 19:06:37,839 [INFO] DbBoards:157 - Kit is not supported: STEVAL-BFA001V1B
2026-02-27 19:06:37,841 [INFO] BoardInfo:880 - No configuration file found for board STEVAL-BFA001V2B
2026-02-27 19:06:37,842 [INFO] DbBoards:157 - Kit is not supported: STEVAL-BFA001V2B
2026-02-27 19:06:37,846 [INFO] BoardInfo:880 - No configuration file found for board STEVAL-MKBOXPRO
2026-02-27 19:06:37,846 [INFO] DbBoards:157 - Board is not supported: STEVAL-MKBOXPRO
2026-02-27 19:06:37,850 [INFO] BoardInfo:880 - No configuration file found for board STEVAL-SMARTAG2
2026-02-27 19:06:37,850 [INFO] DbBoards:157 - Board is not supported: STEVAL-SMARTAG2
2026-02-27 19:06:37,959 [INFO] BoardInfo:880 - No configuration file found for board STM32H7S78-DK
2026-02-27 19:06:37,959 [INFO] DbBoards:157 - Board is not supported: STM32H7S78-DK
2026-02-27 19:06:37,984 [INFO] BoardInfo:880 - No configuration file found for board STM32MP257F-DK
2026-02-27 19:06:37,984 [INFO] DbBoards:157 - Board is not supported: STM32MP257F-DK
2026-02-27 19:06:37,985 [INFO] BoardInfo:880 - No configuration file found for board STM32MP257F-EV1
2026-02-27 19:06:37,985 [INFO] DbBoards:157 - Board is not supported: STM32MP257F-EV1
2026-02-27 19:06:37,987 [INFO] BoardInfo:880 - No configuration file found for board STM32N6570-DK
2026-02-27 19:06:37,987 [INFO] DbBoards:157 - Board is not supported: STM32N6570-DK
2026-02-27 19:06:37,988 [INFO] BoardInfo:880 - No configuration file found for board STM32U083C-DK
2026-02-27 19:06:37,988 [INFO] DbBoards:157 - Board is not supported: STM32U083C-DK
2026-02-27 19:06:37,992 [INFO] BoardInfo:880 - No configuration file found for board STM32U5G9J-DK1
2026-02-27 19:06:37,992 [INFO] DbBoards:157 - Board is not supported: STM32U5G9J-DK1
2026-02-27 19:06:37,993 [INFO] BoardInfo:880 - No configuration file found for board STM32U5G9J-DK2
2026-02-27 19:06:37,993 [INFO] DbBoards:157 - Board is not supported: STM32U5G9J-DK2
2026-02-27 19:06:37,996 [INFO] BoardInfo:880 - No configuration file found for board STM32WBA55G-DK1
2026-02-27 19:06:37,996 [INFO] DbBoards:157 - Board is not supported: STM32WBA55G-DK1
2026-02-27 19:06:37,998 [INFO] BoardInfo:880 - No configuration file found for board STM32WBA65I-DK1
2026-02-27 19:06:37,998 [INFO] DbBoards:157 - Board is not supported: STM32WBA65I-DK1
2026-02-27 19:06:37,998 [INFO] DbBoards:161 - Found 211 boards, 180 are supported
2026-02-27 19:06:38,002 [INFO] ApiDb:668 - CubeFinder database Data Model version=2.1
2026-02-27 19:06:38,002 [INFO] ApiDb:669 - CubeFinder database Configuration version=3.0.39
2026-02-27 19:06:38,002 [INFO] ApiDb:670 - CubeFinder database generation date=2025-05-20 (1747743314)
2026-02-27 19:06:38,002 [INFO] ApiDb:671 - CubeFinder database FW Pack versions=[FP-ATR-ASTRA1_V2.0.0, FP-SNS-FLIGHT1_V5.1.0, FP-SNS-MOTENV1_V5.0.0, FP-SNS-MOTENVWB1_V1.4.0, FP-SNS-SMARTAG2_V1.2.0, FP-SNS-STBOX1_V2.0.0, STM32Cube_FW_C0_V1.4.0, STM32Cube_FW_F4_V1.28.2, STM32Cube_FW_F7_V1.17.3, STM32Cube_FW_G0_V1.6.2, STM32Cube_FW_G4_V1.6.1, STM32Cube_FW_H5_V1.5.0, STM32Cube_FW_H7RS_V1.2.0, STM32Cube_FW_H7_V1.12.1, STM32Cube_FW_L0_V1.12.2, STM32Cube_FW_L4_V1.18.1, STM32Cube_FW_L5_V1.5.1, STM32Cube_FW_N6_V1.1.1, STM32Cube_FW_U0_V1.2.0, STM32Cube_FW_U3_V1.1.0, STM32Cube_FW_U5_V1.7.0, STM32Cube_FW_WB0_V1.2.0, STM32Cube_FW_WBA_V1.6.0, STM32Cube_FW_WB_V1.22.0, STM32Cube_FW_WL3_V1.1.0, STM32Cube_FW_WL_V1.3.1, X-CUBE-ALGOBUILD_V1.4.0, X-CUBE-ALS_V1.0.2, X-CUBE-AZRTOS-F4_V1.1.0, X-CUBE-AZRTOS-F7_V1.1.0, X-CUBE-AZRTOS-G0_V1.1.0, X-CUBE-AZRTOS-G4_V2.0.0, X-CUBE-AZRTOS-H7RS_V1.1.0, X-CUBE-AZRTOS-H7_V3.3.0, X-CUBE-AZRTOS-L4_V2.0.0, X-CUBE-AZRTOS-L5_V2.0.0, X-CUBE-AZRTOS-WB_V2.0.0, X-CUBE-AZRTOS-WL_V2.0.0, X-CUBE-BLE1_V7.1.0, X-CUBE-BLE2_V3.3.0, X-CUBE-BLEMGR_V4.0.0, X-CUBE-EEPRMA1_V5.1.0, X-CUBE-FREERTOS_V1.3.1, X-CUBE-GNSS1_V6.0.0, X-CUBE-MEMS1_V11.2.0, X-CUBE-NFC4_V3.0.0, X-CUBE-NFC7_V2.0.0, X-CUBE-SFXS2LP1_V4.0.0, X-CUBE-SUBG2_V5.0.0, X-CUBE-TOF1_V3.4.3]
2026-02-27 19:06:40,182 [INFO] ApiDb:240 - Found 297 in-development CPN: [B-G473E-ZEST1S, B-WB1M-WPAN1, B-WL5M-SUBG1, NUCLEO-C031C6, NUCLEO-H503RB, NUCLEO-H563ZI, NUCLEO-U545RE-Q, NUCLEO-U5A5ZJ-Q, NUCLEO-WBA52CG, STEVAL-PROTEUS1, STEVAL-STWINBX1, STM320518-EVAL, STM32C0116-DK, STM32C011D6Y3TR, STM32C011D6Y6TR, STM32C011F4P3, STM32C011F4P6, STM32C011F4U3, STM32C011F4U6TR, STM32C011F6P3, STM32C011F6P6, STM32C011F6U3, STM32C011F6U6TR, STM32C011J4M3, STM32C011J4M6, STM32C011J6M3, STM32C011J6M6, STM32C0316-DK, STM32C031C4T3, STM32C031C4T6, STM32C031C4U3, STM32C031C4U6, STM32C031C6T3, STM32C031C6T6, STM32C031C6U3, STM32C031C6U6, STM32C031F4P3, STM32C031F4P6, STM32C031F6P3, STM32C031F6P6, STM32C031G4U3, STM32C031G4U6, STM32C031G6U3, STM32C031G6U6, STM32C031K4T3, STM32C031K4T6, STM32C031K4U3, STM32C031K4U6, STM32C031K6T3, STM32C031K6T6, STM32C031K6U3, STM32C031K6U6, STM32G071K8TXN, STM32G071K8UXN, STM32G081GBU6N, STM32G081KBT6N, STM32G081KBUXN, STM32G0B1CCT6N, STM32G0B1KCT6, STM32G0B1NEY6TR, STM32G0B1RCT6N, STM32G0C1CCT6, STM32G0C1CCT6N, STM32G0C1CCU6N, STM32G0C1CET6N, STM32G0C1CEU6N, STM32G0C1KCT6, STM32G0C1NEY6TR, STM32G0C1RCI6N, STM32G0C1RCT6N, STM32G0C1REI6N, STM32G0C1RET6N, STM32G0C1VCI6, STM32G0C1VEI6, STM32G471CCT6, STM32G471CCU6, STM32G471CET3, STM32G471CET6, STM32G471CEU3, STM32G471CEU6, STM32G471MCT6, STM32G471MET3, STM32G471MET6, STM32G471MEY6TR, STM32G471QCT6, STM32G471QET3, STM32G471RCT6, STM32G471RET3, STM32G471RET6, STM32G471VCH6, STM32G471VCI6, STM32G471VCT6, STM32G471VEH3, STM32G471VEH6, STM32G471VEI3, STM32G471VEI6, STM32G471VET3, STM32G471VET6, STM32G474CCT6, STM32H503CBT6, STM32H503CBU6, STM32H503EBY6TR, STM32H503KBU6, STM32H503RBT6, STM32H562AGI6, STM32H562AII6, STM32H562IGK6, STM32H562IGT6, STM32H562IIK6, STM32H562IIT6, STM32H562RGT6, STM32H562RGV6, STM32H562RIT6, STM32H562RIV6, STM32H562VGT6, STM32H562VIT6, STM32H562ZGT6, STM32H562ZIT6, STM32H563AGI6, STM32H563AII3Q, STM32H563AII6, STM32H563IGK6, STM32H563IGT6, STM32H563IIK3Q, STM32H563IIK6, STM32H563IIT3Q, STM32H563IIT6, STM32H563MIY3QTR, STM32H563RGT6, STM32H563RGV6, STM32H563RIT6, STM32H563RIV6, STM32H563VGT6, STM32H563VIT3Q, STM32H563VIT6, STM32H563ZGT6, STM32H563ZIT3Q, STM32H563ZIT6, STM32H573AII3Q, STM32H573AII6, STM32H573I-DK, STM32H573IIK3Q, STM32H573IIK6, STM32H573IIT3Q, STM32H573IIT6, STM32H573MIY3QTR, STM32H573RIT6, STM32H573RIV6, STM32H573VIT3Q, STM32H573VIT6, STM32H573ZIT3Q, STM32H573ZIT6, STM32L4R5QGI6STR, STM32MP131AAE3, STM32MP131AAF3, STM32MP131AAG3, STM32MP131CAE3, STM32MP131CAF3, STM32MP131CAG3, STM32MP131DAE7, STM32MP131DAF7, STM32MP131DAG7, STM32MP131FAE7, STM32MP131FAF7, STM32MP131FAG7, STM32MP133AAE3, STM32MP133AAF3, STM32MP133AAG3, STM32MP133CAE3, STM32MP133CAF3, STM32MP133CAG3, STM32MP133DAE7, STM32MP133DAF7, STM32MP133DAG7, STM32MP133FAE7, STM32MP133FAF7, STM32MP133FAG7, STM32MP135AAE3, STM32MP135AAF3, STM32MP135AAG3, STM32MP135CAE3, STM32MP135CAF3, STM32MP135CAG3, STM32MP135DAE7, STM32MP135DAF7, STM32MP135DAG7, STM32MP135F-DK, STM32MP135FAE7, STM32MP135FAF7, STM32MP135FAF7T, STM32MP135FAF7U, STM32MP135FAG7, STM32U535CBT6, STM32U535CBT6Q, STM32U535CBU6, STM32U535CBU6Q, STM32U535CCT6, STM32U535CCT6Q, STM32U535CCU6, STM32U535CCU6Q, STM32U535CET6, STM32U535CET6Q, STM32U535CEU6, STM32U535CEU6Q, STM32U535JEY6QTR, STM32U535NCY6QTR, STM32U535NEY6QTR, STM32U535RBI6, STM32U535RBI6Q, STM32U535RBT6, STM32U535RBT6Q, STM32U535RCI6, STM32U535RCI6Q, STM32U535RCT6, STM32U535RCT6Q, STM32U535REI6, STM32U535REI6Q, STM32U535RET6, STM32U535RET6Q, STM32U535VCI6, STM32U535VCI6Q, STM32U535VCT6, STM32U535VCT6Q, STM32U535VEI6, STM32U535VEI6Q, STM32U535VET6, STM32U535VET6Q, STM32U545CET6, STM32U545CET6Q, STM32U545CEU6, STM32U545CEU6Q, STM32U545JEY6QTR, STM32U545NEY6QTR, STM32U545REI6, STM32U545REI6Q, STM32U545RET6, STM32U545RET6Q, STM32U545VEI6, STM32U545VEI6Q, STM32U545VET6, STM32U545VET6Q, STM32U595AIH6, STM32U595AIH6Q, STM32U595AJH6, STM32U595AJH6Q, STM32U595QII6, STM32U595QII6Q, STM32U595QJI6, STM32U595QJI6Q, STM32U595RIT6, STM32U595RIT6Q, STM32U595RJT6, STM32U595RJT6Q, STM32U595VIT6, STM32U595VIT6Q, STM32U595VJT6, STM32U595VJT6Q, STM32U595ZIT6, STM32U595ZIT6Q, STM32U595ZIY6QTR, STM32U595ZJT6, STM32U595ZJT6Q, STM32U595ZJY6QTR, STM32U599BJY6QTR, STM32U599NIH6Q, STM32U599NJH6Q, STM32U599VIT6Q, STM32U599VJT6, STM32U599VJT6Q, STM32U599ZIT6Q, STM32U599ZIY6QTR, STM32U599ZJT6Q, STM32U599ZJY6QTR, STM32U5A5AJH6, STM32U5A5AJH6Q, STM32U5A5QJI6, STM32U5A5QJI6Q, STM32U5A5RJT6, STM32U5A5RJT6Q, STM32U5A5VJT6, STM32U5A5VJT6Q, STM32U5A5ZJT6, STM32U5A5ZJT6Q, STM32U5A5ZJY6QTR, STM32U5A9BJY6QTR, STM32U5A9J-DK, STM32U5A9NJH6Q, STM32U5A9VJT6Q, STM32U5A9ZJT6Q, STM32U5A9ZJY6QTR, STM32WB1MMCH6, STM32WBA52CEU6, STM32WBA52CEU6T, STM32WBA52CGU6, STM32WBA52CGU6T, STM32WL5MOCH6, STM32WL5MOCH6TR]
2026-02-27 19:06:40,187 [INFO] DbMcus:216 - Found 4635 MCUs, 4635 are supported
2026-02-27 19:06:40,192 [INFO] ApiDb:423 - Load user favorites file C:\Users\Роман/.stm32cubeide/favorites.mcus.txt: 1 item(s)
2026-02-27 19:06:40,192 [INFO] ApiDb:427 - User favorites MCUs=[STM32H745ZIT6]
2026-02-27 19:06:40,193 [INFO] DbMcus:222 - Set 1 / 1 favorites MCUs
2026-02-27 19:06:40,731 [INFO] ApiDb:423 - Load user favorites file C:\Users\Роман/.stm32cubeide/favorites.boards.txt: 1 item(s)
2026-02-27 19:06:40,732 [INFO] ApiDb:427 - User favorites Boards=[NUCLEO-H745ZI-Q]
2026-02-27 19:06:40,732 [INFO] DbBoards:190 - Set 1 / 1 favorites Boards
2026-02-27 19:06:40,733 [INFO] McuFinderGlobals:66 - Set McuFinderConnectedMode to false
2026-02-27 19:06:40,740 [INFO] MultiScanPanel:200 - Auto-refresh data requested => check proxy status ongoing
2026-02-27 19:06:40,740 [INFO] MultiScanPanel:204 - Proxy status is invalid
2026-02-27 19:06:40,743 [INFO] FinderPluginLoader:95 - Searching for filters in installed packs
2026-02-27 19:06:42,111 [WARN] DetailPanel:346 - Failed to get advertising image, set to default
2026-02-27 19:11:08,241 [ERROR] ServerAccessManage:1096 - Problem, Http access forbiden
2026-02-27 19:11:08,243 [INFO] MainUpdater:2854 - connection check result : 22
2026-02-27 19:11:08,325 [ERROR] ServerAccessManage:1096 - Problem, Http access forbiden
2026-02-27 19:11:08,328 [INFO] MainUpdater:2854 - connection check result : 22
2026-02-27 19:11:13,261 [ERROR] ServerAccessManage:1096 - Problem, Http access forbiden
2026-02-27 19:11:13,263 [INFO] MainUpdater:2854 - connection check result : 22
2026-02-27 19:11:14,466 [INFO] MicroXplorer:468 - Change Database Path : 
2026-02-27 19:11:14,466 [INFO] MicroXplorer:498 - Change Database Version : DB.6.0.81
2026-02-27 19:11:14,468 [WARN] ThirdParty:871 - waiting for thirdparty lock release [close project]
2026-02-27 19:11:14,468 [INFO] ThirdParty:873 - entering critical section [close project]
2026-02-27 19:11:14,469 [INFO] ThirdParty:883 - exiting critical section [close project]
2026-02-27 19:11:14,473 [INFO] PinOutPanel:1499 - setPackage(No Configuration,No Configuration)
2026-02-27 19:11:14,478 [INFO] UtilMem:75 - Begin LoadConfig() Used Memory: 381769760 Bytes (616562688)
2026-02-27 19:11:14,479 [INFO] MicroXplorer:468 - Change Database Path : 
2026-02-27 19:11:14,479 [INFO] MicroXplorer:498 - Change Database Version : DB.6.0.81
2026-02-27 19:11:14,479 [INFO] OpenFileManager:308 - Change cursor
2026-02-27 19:11:14,526 [INFO] Mcu:1937 - Initializing MCU STM32F411CEUx STM32F411CEUx 
2026-02-27 19:11:14,528 [INFO] Mcu:1950 - No CPN specified => set CPN to STM32F411CEU6
2026-02-27 19:11:15,682 [INFO] Context:659 - Trying to add GPIOservice into a context  which must be forbidden
2026-02-27 19:11:15,994 [INFO] ImportTextPane:194 - (OptionalMessage_ERROR) Unable to find key (Mcu.ThirdPartyNb) in loaded IOC file
2026-02-27 19:11:15,994 [INFO] ImportTextPane:194 - (OptionalMessage_ERROR) Unable to find key (Mcu.PinsNb) in loaded IOC file
2026-02-27 19:11:15,994 [INFO] ImportTextPane:194 - (OptionalMessage_ERROR) Unable to find key (Mcu.IPNb) in loaded IOC file
2026-02-27 19:11:16,056 [INFO] RtosManager:555 - Registered RTOS mode: class=CMSIS, group=RTOS, mode=CMSIS_V1, owner=FREERTOS
2026-02-27 19:11:16,057 [INFO] RtosManager:555 - Registered RTOS mode: class=CMSIS, group=RTOS2, mode=CMSIS_V2, owner=FREERTOS
2026-02-27 19:11:16,057 [INFO] RtosManager:555 - Registered RTOS mode: class=RTOS, group=Core, mode=CMSIS_V1, owner=FREERTOS
2026-02-27 19:11:16,057 [INFO] RtosManager:555 - Registered RTOS mode: class=RTOS, group=Core, mode=CMSIS_V2, owner=FREERTOS
2026-02-27 19:11:16,057 [WARN] ModelIntegratedComponent:184 - Missing modes for component STMicroelectronics:FreeRTOS:0.0.1:STMicroelectronics:RTOS:FreeRTOS:Core:::10.2.0:
2026-02-27 19:11:16,058 [WARN] ModelIntegratedComponent:182 - Modes not found for component STMicroelectronics:USB_DEVICE:1.0.0:STMicroelectronics:USB::USB Device:Audio HS::1.0:USB_DEVICE_1_0_RESTRICTED_HS
2026-02-27 19:11:16,058 [WARN] ModelIntegratedComponent:188 - Modes not found for component STMicroelectronics:USB_DEVICE:1.0.0:STMicroelectronics:USB::USB Device:Audio HS::1.0:USB_DEVICE_1_0_RESTRICTED_HS
2026-02-27 19:11:16,058 [WARN] ModelIntegratedComponent:182 - Modes not found for component STMicroelectronics:USB_DEVICE:1.0.0:STMicroelectronics:USB::USB Device:CDC HS::1.0:USB_DEVICE_1_0_RESTRICTED_HS
2026-02-27 19:11:16,058 [WARN] ModelIntegratedComponent:188 - Modes not found for component STMicroelectronics:USB_DEVICE:1.0.0:STMicroelectronics:USB::USB Device:CDC HS::1.0:USB_DEVICE_1_0_RESTRICTED_HS
2026-02-27 19:11:16,059 [WARN] ModelIntegratedComponent:182 - Modes not found for component STMicroelectronics:USB_DEVICE:1.0.0:STMicroelectronics:USB::USB Device:DFU HS::1.0:USB_DEVICE_1_0_RESTRICTED_HS
2026-02-27 19:11:16,059 [WARN] ModelIntegratedComponent:188 - Modes not found for component STMicroelectronics:USB_DEVICE:1.0.0:STMicroelectronics:USB::USB Device:DFU HS::1.0:USB_DEVICE_1_0_RESTRICTED_HS
2026-02-27 19:11:16,059 [WARN] ModelIntegratedComponent:182 - Modes not found for component STMicroelectronics:USB_DEVICE:1.0.0:STMicroelectronics:USB::USB Device:HID HS::1.0:USB_DEVICE_1_0_RESTRICTED_HS
2026-02-27 19:11:16,059 [WARN] ModelIntegratedComponent:188 - Modes not found for component STMicroelectronics:USB_DEVICE:1.0.0:STMicroelectronics:USB::USB Device:HID HS::1.0:USB_DEVICE_1_0_RESTRICTED_HS
2026-02-27 19:11:16,059 [WARN] ModelIntegratedComponent:182 - Modes not found for component STMicroelectronics:USB_DEVICE:1.0.0:STMicroelectronics:USB::USB Device:Custom HID HS::1.0:USB_DEVICE_1_0_RESTRICTED_HS
2026-02-27 19:11:16,059 [WARN] ModelIntegratedComponent:188 - Modes not found for component STMicroelectronics:USB_DEVICE:1.0.0:STMicroelectronics:USB::USB Device:Custom HID HS::1.0:USB_DEVICE_1_0_RESTRICTED_HS
2026-02-27 19:11:16,059 [WARN] ModelIntegratedComponent:182 - Modes not found for component STMicroelectronics:USB_DEVICE:1.0.0:STMicroelectronics:USB::USB Device:MSC HS::1.0:USB_DEVICE_1_0_RESTRICTED_HS
2026-02-27 19:11:16,059 [WARN] ModelIntegratedComponent:188 - Modes not found for component STMicroelectronics:USB_DEVICE:1.0.0:STMicroelectronics:USB::USB Device:MSC HS::1.0:USB_DEVICE_1_0_RESTRICTED_HS
2026-02-27 19:11:16,061 [WARN] ModelIntegratedComponent:63 - No mode defined for component null
2026-02-27 19:11:16,061 [WARN] ModelIntegratedComponent:63 - No mode defined for component null
2026-02-27 19:11:16,061 [WARN] ModelIntegratedComponent:63 - No mode defined for component null
2026-02-27 19:11:16,061 [WARN] ModelIntegratedComponent:63 - No mode defined for component null
2026-02-27 19:11:16,061 [WARN] ModelIntegratedComponent:63 - No mode defined for component null
2026-02-27 19:11:16,061 [WARN] ModelIntegratedComponent:63 - No mode defined for component null
2026-02-27 19:11:16,061 [WARN] ModelIntegratedComponent:63 - No mode defined for component null
2026-02-27 19:11:16,062 [WARN] ModelIntegratedComponent:63 - No mode defined for component null
2026-02-27 19:11:16,062 [WARN] ModelIntegratedComponent:63 - No mode defined for component null
2026-02-27 19:11:16,062 [WARN] ModelIntegratedComponent:63 - No mode defined for component null
2026-02-27 19:11:16,062 [WARN] ModelIntegratedComponent:63 - No mode defined for component null
2026-02-27 19:11:16,062 [WARN] ModelIntegratedComponent:63 - No mode defined for component null
2026-02-27 19:11:16,062 [WARN] ModelIntegratedComponent:63 - No mode defined for component null
2026-02-27 19:11:16,062 [WARN] ModelIntegratedComponent:63 - No mode defined for component null
2026-02-27 19:11:16,062 [WARN] ModelIntegratedComponent:63 - No mode defined for component null
2026-02-27 19:11:16,062 [WARN] ModelIntegratedComponent:63 - No mode defined for component null
2026-02-27 19:11:16,062 [WARN] ModelIntegratedComponent:63 - No mode defined for component null
2026-02-27 19:11:16,062 [WARN] ModelIntegratedComponent:63 - No mode defined for component null
2026-02-27 19:11:16,063 [WARN] ModelIntegratedComponent:63 - No mode defined for component null
2026-02-27 19:11:16,063 [WARN] ModelIntegratedComponent:63 - No mode defined for component null
2026-02-27 19:11:16,063 [WARN] ModelIntegratedComponent:63 - No mode defined for component null
2026-02-27 19:11:16,063 [WARN] ModelIntegratedComponent:63 - No mode defined for component null
2026-02-27 19:11:16,063 [WARN] ModelIntegratedComponent:63 - No mode defined for component null
2026-02-27 19:11:16,063 [WARN] ModelIntegratedComponent:63 - No mode defined for component null
2026-02-27 19:11:16,063 [WARN] ModelIntegratedComponent:63 - No mode defined for component null
2026-02-27 19:11:16,063 [WARN] ModelIntegratedComponent:63 - No mode defined for component null
2026-02-27 19:11:16,063 [WARN] ModelIntegratedComponent:63 - No mode defined for component null
2026-02-27 19:11:16,063 [WARN] ModelIntegratedComponent:63 - No mode defined for component null
2026-02-27 19:11:16,063 [WARN] ModelIntegratedComponent:63 - No mode defined for component null
2026-02-27 19:11:16,063 [WARN] ModelIntegratedComponent:63 - No mode defined for component null
2026-02-27 19:11:16,063 [WARN] ModelIntegratedComponent:63 - No mode defined for component null
2026-02-27 19:11:16,063 [WARN] ModelIntegratedComponent:63 - No mode defined for component null
2026-02-27 19:11:16,063 [WARN] ModelIntegratedComponent:63 - No mode defined for component null
2026-02-27 19:11:16,066 [WARN] ModelIntegratedComponent:182 - Modes not found for component STMicroelectronics:USB_HOST:1.0.0:STMicroelectronics:USB::USB Host:Audio HS::1.0:USB_HOST_1_0_RESTRICTED_HS
2026-02-27 19:11:16,066 [WARN] ModelIntegratedComponent:188 - Modes not found for component STMicroelectronics:USB_HOST:1.0.0:STMicroelectronics:USB::USB Host:Audio HS::1.0:USB_HOST_1_0_RESTRICTED_HS
2026-02-27 19:11:16,066 [WARN] ModelIntegratedComponent:182 - Modes not found for component STMicroelectronics:USB_HOST:1.0.0:STMicroelectronics:USB::USB Host:CDC HS::1.0:USB_HOST_1_0_RESTRICTED_HS
2026-02-27 19:11:16,066 [WARN] ModelIntegratedComponent:188 - Modes not found for component STMicroelectronics:USB_HOST:1.0.0:STMicroelectronics:USB::USB Host:CDC HS::1.0:USB_HOST_1_0_RESTRICTED_HS
2026-02-27 19:11:16,066 [WARN] ModelIntegratedComponent:182 - Modes not found for component STMicroelectronics:USB_HOST:1.0.0:STMicroelectronics:USB::USB Host:MSC HS::1.0:USB_HOST_1_0_RESTRICTED_HS
2026-02-27 19:11:16,066 [WARN] ModelIntegratedComponent:188 - Modes not found for component STMicroelectronics:USB_HOST:1.0.0:STMicroelectronics:USB::USB Host:MSC HS::1.0:USB_HOST_1_0_RESTRICTED_HS
2026-02-27 19:11:16,066 [WARN] ModelIntegratedComponent:182 - Modes not found for component STMicroelectronics:USB_HOST:1.0.0:STMicroelectronics:USB::USB Host:HID HS::1.0:USB_HOST_1_0_RESTRICTED_HS
2026-02-27 19:11:16,066 [WARN] ModelIntegratedComponent:188 - Modes not found for component STMicroelectronics:USB_HOST:1.0.0:STMicroelectronics:USB::USB Host:HID HS::1.0:USB_HOST_1_0_RESTRICTED_HS
2026-02-27 19:11:16,066 [WARN] ModelIntegratedComponent:182 - Modes not found for component STMicroelectronics:USB_HOST:1.0.0:STMicroelectronics:USB::USB Host:MTP HS::1.0:USB_HOST_1_0_RESTRICTED_HS
2026-02-27 19:11:16,066 [WARN] ModelIntegratedComponent:188 - Modes not found for component STMicroelectronics:USB_HOST:1.0.0:STMicroelectronics:USB::USB Host:MTP HS::1.0:USB_HOST_1_0_RESTRICTED_HS
2026-02-27 19:11:16,070 [INFO] ThirdPartyModel:298 - Start build external matchings
2026-02-27 19:11:16,072 [INFO] ThirdPartyModel:316 - End build external matchings
2026-02-27 19:11:16,368 [INFO] UtilMem:75 - End LoadConfig() Used Memory: 457926368 Bytes (616562688)
2026-02-27 19:11:16,392 [WARN] ThirdParty:833 - waiting for thirdparty lock release [change project]
2026-02-27 19:11:16,392 [INFO] ThirdParty:835 - entering critical section [change project]
2026-02-27 19:11:16,393 [INFO] ThirdParty:1030 - CMSIS Pack Vendor :STMicroelectronics ThreadX 1.0.0
2026-02-27 19:11:16,393 [INFO] ThirdParty:1030 - CMSIS Pack Vendor :STMicroelectronics USB_HOST 2.0.0
2026-02-27 19:11:16,393 [INFO] ThirdParty:1030 - CMSIS Pack Vendor :STMicroelectronics LIBJPEG 8.0.0
2026-02-27 19:11:16,393 [INFO] ThirdParty:1030 - CMSIS Pack Vendor :STMicroelectronics FreeRTOS 0.0.1
2026-02-27 19:11:16,393 [INFO] ThirdParty:1030 - CMSIS Pack Vendor :STMicroelectronics USB_DEVICE 1.0.0
2026-02-27 19:11:16,393 [INFO] ThirdParty:1030 - CMSIS Pack Vendor :STMicroelectronics STM32_WPAN 1.0.0
2026-02-27 19:11:16,393 [INFO] ThirdParty:1030 - CMSIS Pack Vendor :STMicroelectronics USB_DEVICE 3.0.0
2026-02-27 19:11:16,393 [INFO] ThirdParty:1030 - CMSIS Pack Vendor :STMicroelectronics HAL Drivers 0.0.0
2026-02-27 19:11:16,393 [INFO] ThirdParty:1030 - CMSIS Pack Vendor :STMicroelectronics MBEDTLS 2.16.2
2026-02-27 19:11:16,393 [INFO] ThirdParty:1030 - CMSIS Pack Vendor :STMicroelectronics ThreadX 0.0.2
2026-02-27 19:11:16,393 [INFO] ThirdParty:1030 - CMSIS Pack Vendor :STMicroelectronics lwIP 2.0.3
2026-02-27 19:11:16,393 [INFO] ThirdParty:1030 - CMSIS Pack Vendor :STMicroelectronics lwIP 2.1.2
2026-02-27 19:11:16,393 [INFO] ThirdParty:1030 - CMSIS Pack Vendor :STMicroelectronics MBEDTLS 2.14.1
2026-02-27 19:11:16,393 [INFO] ThirdParty:1030 - CMSIS Pack Vendor :STMicroelectronics USB_HOST 1.0.0
2026-02-27 19:11:16,394 [INFO] ThirdParty:1030 - CMSIS Pack Vendor :STMicroelectronics PDM2PCM 3.1.0
2026-02-27 19:11:16,394 [INFO] ThirdParty:1030 - CMSIS Pack Vendor :STMicroelectronics PDM2PCM 3.2.0
2026-02-27 19:11:16,394 [INFO] ThirdParty:1030 - CMSIS Pack Vendor :STMicroelectronics USB_DEVICE 2.0.0
2026-02-27 19:11:16,394 [INFO] ThirdParty:1030 - CMSIS Pack Vendor :STMicroelectronics PDM2PCM 3.3.0
2026-02-27 19:11:16,394 [INFO] ThirdParty:841 - exiting critical section [change project]
2026-02-27 19:11:16,695 [INFO] PinOutPanel:1499 - setPackage(No Configuration,No Configuration)
2026-02-27 19:11:16,697 [INFO] PinOutPanel:1499 - setPackage(STM32F411CEUx,UFQFPN48)
2026-02-27 19:11:17,094 [INFO] UtilMem:75 - Before build in PCC Used Memory: 231996864 Bytes (616562688)
2026-02-27 19:11:17,735 [INFO] UtilMem:75 - After build in PCC Used Memory: 395052480 Bytes (616562688)
2026-02-27 19:11:17,753 [INFO] IPUIPlugin:80 - create IPUIPlugin
2026-02-27 19:11:17,754 [INFO] IPUIPlugin:80 - create IPUIPlugin
2026-02-27 19:11:17,754 [INFO] IPUIPlugin:80 - create IPUIPlugin
2026-02-27 19:11:17,754 [INFO] IPUIPlugin:80 - create IPUIPlugin
2026-02-27 19:11:17,754 [INFO] IPUIPlugin:80 - create IPUIPlugin
2026-02-27 19:11:17,754 [INFO] IPUIPlugin:80 - create IPUIPlugin
2026-02-27 19:11:17,754 [INFO] IPUIPlugin:80 - create IPUIPlugin
2026-02-27 19:11:17,754 [INFO] IPUIPlugin:80 - create IPUIPlugin
2026-02-27 19:11:17,754 [INFO] IPUIPlugin:80 - create IPUIPlugin
2026-02-27 19:11:17,754 [INFO] IPUIPlugin:80 - create IPUIPlugin
2026-02-27 19:11:17,754 [INFO] IPUIPlugin:80 - create IPUIPlugin
2026-02-27 19:11:17,755 [INFO] IPUIPlugin:80 - create IPUIPlugin
2026-02-27 19:11:17,755 [INFO] IPUIPlugin:80 - create IPUIPlugin
2026-02-27 19:11:17,755 [INFO] IPUIPlugin:80 - create IPUIPlugin
2026-02-27 19:11:17,755 [INFO] IPUIPlugin:80 - create IPUIPlugin
2026-02-27 19:11:17,755 [INFO] IPUIPlugin:80 - create IPUIPlugin
2026-02-27 19:11:17,756 [INFO] IPUIPlugin:80 - create IPUIPlugin
2026-02-27 19:11:17,756 [INFO] IPUIPlugin:80 - create IPUIPlugin
2026-02-27 19:11:17,757 [INFO] IPUIPlugin:80 - create IPUIPlugin
2026-02-27 19:11:17,757 [INFO] IPUIPlugin:80 - create IPUIPlugin
2026-02-27 19:11:17,757 [INFO] IPUIPlugin:80 - create IPUIPlugin
2026-02-27 19:11:17,757 [INFO] IPUIPlugin:80 - create IPUIPlugin
2026-02-27 19:11:17,758 [INFO] IPUIPlugin:80 - create IPUIPlugin
2026-02-27 19:11:17,758 [INFO] IPUIPlugin:80 - create IPUIPlugin
2026-02-27 19:11:17,758 [INFO] IPUIPlugin:80 - create IPUIPlugin
2026-02-27 19:11:17,758 [INFO] IPUIPlugin:80 - create IPUIPlugin
2026-02-27 19:11:17,758 [INFO] IPUIPlugin:80 - create IPUIPlugin
2026-02-27 19:11:17,759 [INFO] IPUIPlugin:80 - create IPUIPlugin
2026-02-27 19:11:17,759 [INFO] IPUIPlugin:80 - create IPUIPlugin
2026-02-27 19:11:17,759 [INFO] IPUIPlugin:80 - create IPUIPlugin
2026-02-27 19:11:17,760 [INFO] IPUIPlugin:80 - create IPUIPlugin
2026-02-27 19:11:17,760 [INFO] IPUIPlugin:80 - create IPUIPlugin
2026-02-27 19:11:17,760 [INFO] IPUIPlugin:80 - create IPUIPlugin
2026-02-27 19:11:17,760 [INFO] IPUIPlugin:80 - create IPUIPlugin
2026-02-27 19:11:17,761 [INFO] IPUIPlugin:80 - create IPUIPlugin
2026-02-27 19:11:17,761 [INFO] IPUIPlugin:80 - create IPUIPlugin
2026-02-27 19:11:17,761 [INFO] IPUIPlugin:80 - create IPUIPlugin
2026-02-27 19:11:17,762 [INFO] IPUIPlugin:80 - create IPUIPlugin
2026-02-27 19:11:17,762 [INFO] IPUIPlugin:80 - create IPUIPlugin
2026-02-27 19:11:17,763 [INFO] IPUIPlugin:80 - create IPUIPlugin
2026-02-27 19:11:17,763 [INFO] IPUIPlugin:80 - create IPUIPlugin
2026-02-27 19:11:17,763 [INFO] IPUIPlugin:80 - create IPUIPlugin
2026-02-27 19:11:17,764 [INFO] IPUIPlugin:80 - create IPUIPlugin
2026-02-27 19:11:17,823 [INFO] ApiDbMcu:507 - Load IP Config File for PDM2PCM
2026-02-27 19:11:18,002 [INFO] CADModel:165 - CPN selected for project levelSTM32F411CEU6
2026-02-27 19:11:18,002 [INFO] CADModel:114 - Register for checkConnection events
2026-02-27 19:11:18,058 [INFO] OpenFileManager:328 - Restore cursor
2026-02-27 19:11:19,155 [INFO] UtilMem:75 - End SaveConfig() Used Memory: 242335912 Bytes (616562688)
2026-02-27 19:11:26,602 [ERROR] ServerAccessManage:1096 - Problem, Http access forbiden
2026-02-27 19:11:26,604 [INFO] MainUpdater:2854 - connection check result : 22
2026-02-27 19:11:27,021 [ERROR] ServerAccessManage:1096 - Problem, Http access forbiden
2026-02-27 19:11:27,021 [ERROR] ServerAccessManage:651 - Problem, Http access forbiden : stm32cube_fw_f4_v1270.zip.
2026-02-27 19:12:15,900 [INFO] LoadServerPackagesThread:196 - End of LoadServerPackages Thread
2026-02-27 19:12:16,059 [INFO] ThirdPartyModel:298 - Start build external matchings
2026-02-27 19:12:16,060 [INFO] ThirdPartyModel:316 - End build external matchings
2026-02-27 19:12:16,060 [INFO] CheckServerUpdateThread:120 - End of CheckServer Thread
2026-02-27 19:12:18,943 [INFO] McuFinderGlobals:66 - Set McuFinderConnectedMode to true
2026-02-27 19:12:18,946 [INFO] ApiDb:448 - Save user favorites file C:\Users\Роман/.stm32cubeide/favorites.mcus.txt: 1 item(s)
2026-02-27 19:12:18,947 [INFO] ApiDb:452 - User favorites MCUs=[STM32H745ZIT6]
2026-02-27 19:18:11,850 [INFO] NvicIntPanel:101 - NVIC parent = com.st.microxplorer.plugins.ip.nvic.MultiNvicIntPanel[,0,0,0x0,invalid,layout=javax.swing.BoxLayout,alignmentX=0.0,alignmentY=0.0,border=,flags=9,maximumSize=,minimumSize=,preferredSize=]
2026-02-27 19:18:11,934 [ERROR] LogOutputStream:75 - [STDERR_REDIRECT] Exception in thread "AWT-EventQueue-0" java.awt.IllegalComponentStateException: component must be showing on the screen to determine its location
2026-02-27 19:18:11,936 [ERROR] LogOutputStream:75 - [STDERR_REDIRECT] 	at java.desktop/java.awt.Component.getLocationOnScreen_NoTreeLock(Component.java:2101)
2026-02-27 19:18:11,938 [ERROR] LogOutputStream:75 - [STDERR_REDIRECT] 	at java.desktop/java.awt.Component.getLocationOnScreen(Component.java:2075)
2026-02-27 19:18:11,939 [ERROR] LogOutputStream:75 - [STDERR_REDIRECT] 	at java.desktop/javax.swing.JPopupMenu.show(JPopupMenu.java:940)
2026-02-27 19:18:11,940 [ERROR] LogOutputStream:75 - [STDERR_REDIRECT] 	at java.desktop/javax.swing.plaf.basic.BasicComboPopup.show(BasicComboPopup.java:235)
2026-02-27 19:18:11,941 [ERROR] LogOutputStream:75 - [STDERR_REDIRECT] 	at java.desktop/javax.swing.plaf.basic.BasicComboPopup.togglePopup(BasicComboPopup.java:1218)
2026-02-27 19:18:11,943 [ERROR] LogOutputStream:75 - [STDERR_REDIRECT] 	at java.desktop/javax.swing.plaf.basic.BasicComboPopup$Handler.mousePressed(BasicComboPopup.java:897)
2026-02-27 19:18:11,944 [ERROR] LogOutputStream:75 - [STDERR_REDIRECT] 	at java.desktop/java.awt.Component.processMouseEvent(Component.java:6632)
2026-02-27 19:18:11,945 [ERROR] LogOutputStream:75 - [STDERR_REDIRECT] 	at java.desktop/javax.swing.JComponent.processMouseEvent(JComponent.java:3342)
2026-02-27 19:18:11,946 [ERROR] LogOutputStream:75 - [STDERR_REDIRECT] 	at java.desktop/java.awt.Component.processEvent(Component.java:6400)
2026-02-27 19:18:11,947 [ERROR] LogOutputStream:75 - [STDERR_REDIRECT] 	at java.desktop/java.awt.Container.processEvent(Container.java:2263)
2026-02-27 19:18:11,948 [ERROR] LogOutputStream:75 - [STDERR_REDIRECT] 	at java.desktop/java.awt.Component.dispatchEventImpl(Component.java:5011)
2026-02-27 19:18:11,949 [ERROR] LogOutputStream:75 - [STDERR_REDIRECT] 	at java.desktop/java.awt.Container.dispatchEventImpl(Container.java:2321)
2026-02-27 19:18:11,951 [ERROR] LogOutputStream:75 - [STDERR_REDIRECT] 	at java.desktop/java.awt.Component.dispatchEvent(Component.java:4843)
2026-02-27 19:18:11,952 [ERROR] LogOutputStream:75 - [STDERR_REDIRECT] 	at java.desktop/javax.swing.plaf.basic.BasicTableUI$Handler.repostEvent(BasicTableUI.java:967)
2026-02-27 19:18:11,954 [ERROR] LogOutputStream:75 - [STDERR_REDIRECT] 	at java.desktop/javax.swing.plaf.basic.BasicTableUI$Handler.adjustSelection(BasicTableUI.java:1129)
2026-02-27 19:18:11,954 [ERROR] LogOutputStream:75 - [STDERR_REDIRECT] 	at java.desktop/javax.swing.plaf.basic.BasicTableUI$Handler.mousePressed(BasicTableUI.java:1057)
2026-02-27 19:18:11,956 [ERROR] LogOutputStream:75 - [STDERR_REDIRECT] 	at java.desktop/java.awt.AWTEventMulticaster.mousePressed(AWTEventMulticaster.java:288)
2026-02-27 19:18:11,958 [ERROR] LogOutputStream:75 - [STDERR_REDIRECT] 	at java.desktop/java.awt.AWTEventMulticaster.mousePressed(AWTEventMulticaster.java:287)
2026-02-27 19:18:11,959 [ERROR] LogOutputStream:75 - [STDERR_REDIRECT] 	at java.desktop/java.awt.AWTEventMulticaster.mousePressed(AWTEventMulticaster.java:287)
2026-02-27 19:18:11,960 [ERROR] LogOutputStream:75 - [STDERR_REDIRECT] 	at java.desktop/java.awt.AWTEventMulticaster.mousePressed(AWTEventMulticaster.java:287)
2026-02-27 19:18:11,961 [ERROR] LogOutputStream:75 - [STDERR_REDIRECT] 	at java.desktop/java.awt.Component.processMouseEvent(Component.java:6632)
2026-02-27 19:18:11,962 [ERROR] LogOutputStream:75 - [STDERR_REDIRECT] 	at java.desktop/javax.swing.JComponent.processMouseEvent(JComponent.java:3342)
2026-02-27 19:18:11,963 [ERROR] LogOutputStream:75 - [STDERR_REDIRECT] 	at java.desktop/java.awt.Component.processEvent(Component.java:6400)
2026-02-27 19:18:11,964 [ERROR] LogOutputStream:75 - [STDERR_REDIRECT] 	at java.desktop/java.awt.Container.processEvent(Container.java:2263)
2026-02-27 19:18:11,966 [ERROR] LogOutputStream:75 - [STDERR_REDIRECT] 	at java.desktop/java.awt.Component.dispatchEventImpl(Component.java:5011)
2026-02-27 19:18:11,966 [ERROR] LogOutputStream:75 - [STDERR_REDIRECT] 	at java.desktop/java.awt.Container.dispatchEventImpl(Container.java:2321)
2026-02-27 19:18:11,967 [ERROR] LogOutputStream:75 - [STDERR_REDIRECT] 	at java.desktop/java.awt.Component.dispatchEvent(Component.java:4843)
2026-02-27 19:18:11,968 [ERROR] LogOutputStream:75 - [STDERR_REDIRECT] 	at java.desktop/java.awt.LightweightDispatcher.retargetMouseEvent(Container.java:4918)
2026-02-27 19:18:11,969 [ERROR] LogOutputStream:75 - [STDERR_REDIRECT] 	at java.desktop/java.awt.LightweightDispatcher.processMouseEvent(Container.java:4544)
2026-02-27 19:18:11,971 [ERROR] LogOutputStream:75 - [STDERR_REDIRECT] 	at java.desktop/java.awt.LightweightDispatcher.dispatchEvent(Container.java:4488)
2026-02-27 19:18:11,973 [ERROR] LogOutputStream:75 - [STDERR_REDIRECT] 	at java.desktop/java.awt.Container.dispatchEventImpl(Container.java:2307)
2026-02-27 19:18:11,974 [ERROR] LogOutputStream:75 - [STDERR_REDIRECT] 	at java.desktop/java.awt.Component.dispatchEvent(Component.java:4843)
2026-02-27 19:18:11,975 [ERROR] LogOutputStream:75 - [STDERR_REDIRECT] 	at java.desktop/java.awt.EventQueue.dispatchEventImpl(EventQueue.java:772)
2026-02-27 19:18:11,975 [ERROR] LogOutputStream:75 - [STDERR_REDIRECT] 	at java.desktop/java.awt.EventQueue$4.run(EventQueue.java:721)
2026-02-27 19:18:11,976 [ERROR] LogOutputStream:75 - [STDERR_REDIRECT] 	at java.desktop/java.awt.EventQueue$4.run(EventQueue.java:715)
2026-02-27 19:18:11,978 [ERROR] LogOutputStream:75 - [STDERR_REDIRECT] 	at java.base/java.security.AccessController.doPrivileged(Native Method)
2026-02-27 19:18:11,979 [ERROR] LogOutputStream:75 - [STDERR_REDIRECT] 	at java.base/java.security.ProtectionDomain$JavaSecurityAccessImpl.doIntersectionPrivilege(ProtectionDomain.java:85)
2026-02-27 19:18:11,980 [ERROR] LogOutputStream:75 - [STDERR_REDIRECT] 	at java.base/java.security.ProtectionDomain$JavaSecurityAccessImpl.doIntersectionPrivilege(ProtectionDomain.java:95)
2026-02-27 19:18:11,982 [ERROR] LogOutputStream:75 - [STDERR_REDIRECT] 	at java.desktop/java.awt.EventQueue$5.run(EventQueue.java:745)
2026-02-27 19:18:11,983 [ERROR] LogOutputStream:75 - [STDERR_REDIRECT] 	at java.desktop/java.awt.EventQueue$5.run(EventQueue.java:743)
2026-02-27 19:18:11,984 [ERROR] LogOutputStream:75 - [STDERR_REDIRECT] 	at java.base/java.security.AccessController.doPrivileged(Native Method)
2026-02-27 19:18:11,986 [ERROR] LogOutputStream:75 - [STDERR_REDIRECT] 	at java.base/java.security.ProtectionDomain$JavaSecurityAccessImpl.doIntersectionPrivilege(ProtectionDomain.java:85)
2026-02-27 19:18:11,987 [ERROR] LogOutputStream:75 - [STDERR_REDIRECT] 	at java.desktop/java.awt.EventQueue.dispatchEvent(EventQueue.java:742)
2026-02-27 19:18:11,988 [ERROR] LogOutputStream:75 - [STDERR_REDIRECT] 	at java.desktop/java.awt.EventDispatchThread.pumpOneEventForFilters(EventDispatchThread.java:203)
2026-02-27 19:18:11,989 [ERROR] LogOutputStream:75 - [STDERR_REDIRECT] 	at java.desktop/java.awt.EventDispatchThread.pumpEventsForFilter(EventDispatchThread.java:124)
2026-02-27 19:18:11,990 [ERROR] LogOutputStream:75 - [STDERR_REDIRECT] 	at java.desktop/java.awt.EventDispatchThread.pumpEventsForHierarchy(EventDispatchThread.java:113)
2026-02-27 19:18:11,991 [ERROR] LogOutputStream:75 - [STDERR_REDIRECT] 	at java.desktop/java.awt.EventDispatchThread.pumpEvents(EventDispatchThread.java:109)
2026-02-27 19:18:11,992 [ERROR] LogOutputStream:75 - [STDERR_REDIRECT] 	at java.desktop/java.awt.EventDispatchThread.pumpEvents(EventDispatchThread.java:101)
2026-02-27 19:18:11,993 [ERROR] LogOutputStream:75 - [STDERR_REDIRECT] 	at java.desktop/java.awt.EventDispatchThread.run(EventDispatchThread.java:90)
2026-02-27 19:19:08,234 [INFO] NvicIntPanel:101 - NVIC parent = com.st.microxplorer.plugins.ip.nvic.MultiNvicIntPanel[,0,0,450x198,layout=javax.swing.BoxLayout,alignmentX=0.0,alignmentY=0.0,border=,flags=9,maximumSize=,minimumSize=,preferredSize=]
2026-02-27 19:19:14,176 [INFO] NvicIntPanel:101 - NVIC parent = com.st.microxplorer.plugins.ip.nvic.MultiNvicIntPanel[,0,0,0x0,invalid,layout=javax.swing.BoxLayout,alignmentX=0.0,alignmentY=0.0,border=,flags=9,maximumSize=,minimumSize=,preferredSize=]
2026-02-27 19:20:59,015 [INFO] NvicIntPanel:101 - NVIC parent = com.st.microxplorer.plugins.ip.nvic.MultiNvicIntPanel[,0,0,0x0,invalid,layout=javax.swing.BoxLayout,alignmentX=0.0,alignmentY=0.0,border=,flags=9,maximumSize=,minimumSize=,preferredSize=]
2026-02-27 19:21:02,269 [INFO] NvicIntPanel:101 - NVIC parent = com.st.microxplorer.plugins.ip.nvic.MultiNvicIntPanel[,0,0,0x0,invalid,layout=javax.swing.BoxLayout,alignmentX=0.0,alignmentY=0.0,border=,flags=9,maximumSize=,minimumSize=,preferredSize=]
2026-02-27 19:23:28,235 [INFO] NvicIntPanel:101 - NVIC parent = com.st.microxplorer.plugins.ip.nvic.MultiNvicIntPanel[,0,0,0x0,invalid,layout=javax.swing.BoxLayout,alignmentX=0.0,alignmentY=0.0,border=,flags=9,maximumSize=,minimumSize=,preferredSize=]
2026-02-27 19:35:23,894 [INFO] UtilMem:75 - End SaveConfig() Used Memory: 288787704 Bytes (612368384)
2026-02-27 19:35:27,324 [INFO] UtilMem:75 - End SaveConfig() Used Memory: 203722952 Bytes (612368384)
2026-02-27 19:35:33,387 [ERROR] ServerAccessManage:1096 - Problem, Http access forbiden
2026-02-27 19:35:33,388 [INFO] MainUpdater:2854 - connection check result : 22
2026-02-27 19:35:33,500 [ERROR] ServerAccessManage:1096 - Problem, Http access forbiden
2026-02-27 19:35:33,501 [ERROR] ServerAccessManage:651 - Problem, Http access forbiden : stm32cube_fw_f4_v1270.zip.
2026-02-27 19:35:34,650 [INFO] LoadServerPackagesThread:196 - End of LoadServerPackages Thread
2026-02-27 19:35:34,793 [INFO] ThirdPartyModel:298 - Start build external matchings
2026-02-27 19:35:34,794 [INFO] ThirdPartyModel:316 - End build external matchings
2026-02-27 19:35:34,794 [INFO] CheckServerUpdateThread:120 - End of CheckServer Thread
2026-02-27 19:36:39,384 [INFO] UtilMem:75 - End SaveConfig() Used Memory: 454564112 Bytes (612368384)
2026-02-27 19:37:56,977 [INFO] UtilMem:75 - End SaveConfig() Used Memory: 491738376 Bytes (612368384)
2026-02-27 19:37:57,345 [INFO] BlockDiagram:2759 - set Specific Code input for plugin: NVIC
2026-02-27 19:37:57,345 [INFO] BlockDiagram:2759 - set Specific Code input for plugin: USART
2026-02-27 19:37:57,345 [INFO] BlockDiagram:2759 - set Specific Code input for plugin: GPIO
2026-02-27 19:37:57,345 [INFO] BlockDiagram:2759 - set Specific Code input for plugin: RCC
2026-02-27 19:37:57,346 [INFO] CodeGenerator:793 - code generatio: config db path: C:\ST\STM32CubeIDE_1.12.1\STM32CubeIDE\plugins\com.st.stm32cube.common.mx_6.8.1.202304191431\\db\
2026-02-27 19:37:57,595 [INFO] CodeEngine:255 - oldGeneratedFile, C:\Users\Роман\STM32CubeIDE\workspace_1.12.1\BWM427_Inclinometer\MXTmpFiles\license.tmp_save
2026-02-27 19:37:57,979 [INFO] CodeEngine:279 - Generated code: C:\Users\Роман\STM32CubeIDE\workspace_1.12.1\BWM427_Inclinometer\MXTmpFiles\license.tmp
2026-02-27 19:37:58,019 [INFO] CodeEngine:255 - oldGeneratedFile, C:\Users\Роман\STM32CubeIDE\workspace_1.12.1\BWM427_Inclinometer\MXTmpFiles\gpio.tmp_save
2026-02-27 19:37:58,119 [INFO] CodeEngine:279 - Generated code: C:\Users\Роман\STM32CubeIDE\workspace_1.12.1\BWM427_Inclinometer\MXTmpFiles\gpio.tmp
2026-02-27 19:37:58,174 [INFO] CodeEngine:255 - oldGeneratedFile, C:\Users\Роман\STM32CubeIDE\workspace_1.12.1\BWM427_Inclinometer\Core\Src\stm32f4xx_it.c_save
2026-02-27 19:37:58,285 [INFO] CodeEngine:279 - Generated code: C:\Users\Роман\STM32CubeIDE\workspace_1.12.1\BWM427_Inclinometer\Core\Src\stm32f4xx_it.c
2026-02-27 19:37:58,292 [INFO] CodeEngine:255 - oldGeneratedFile, C:\Users\Роман\STM32CubeIDE\workspace_1.12.1\BWM427_Inclinometer\Core\Inc\stm32f4xx_it.h_save
2026-02-27 19:37:58,384 [INFO] CodeEngine:279 - Generated code: C:\Users\Роман\STM32CubeIDE\workspace_1.12.1\BWM427_Inclinometer\Core\Inc\stm32f4xx_it.h
2026-02-27 19:37:58,408 [INFO] CodeEngine:255 - oldGeneratedFile, C:\Users\Роман\STM32CubeIDE\workspace_1.12.1\BWM427_Inclinometer\Core\Src\stm32f4xx_hal_msp.c_save
2026-02-27 19:37:58,543 [INFO] CodeEngine:279 - Generated code: C:\Users\Роман\STM32CubeIDE\workspace_1.12.1\BWM427_Inclinometer\Core\Src\stm32f4xx_hal_msp.c
2026-02-27 19:37:58,547 [INFO] CodeEngine:255 - oldGeneratedFile, C:\Users\Роман\STM32CubeIDE\workspace_1.12.1\BWM427_Inclinometer\MXTmpFiles\system.tmp_save
2026-02-27 19:37:58,614 [INFO] CodeEngine:279 - Generated code: C:\Users\Роман\STM32CubeIDE\workspace_1.12.1\BWM427_Inclinometer\MXTmpFiles\system.tmp
2026-02-27 19:37:58,625 [INFO] CodeEngine:311 - oldGeneratedFile, C:\Users\Роман\STM32CubeIDE\workspace_1.12.1\BWM427_Inclinometer\Core\Inc\stm32f4xx_hal_conf.h_save
2026-02-27 19:37:58,707 [INFO] CodeEngine:335 - Generated code: C:\Users\Роман\STM32CubeIDE\workspace_1.12.1\BWM427_Inclinometer\Core\Inc\stm32f4xx_hal_conf.h
2026-02-27 19:37:58,750 [INFO] CodeEngine:255 - oldGeneratedFile, C:\Users\Роман\STM32CubeIDE\workspace_1.12.1\BWM427_Inclinometer\Core\Inc\main.h_save
2026-02-27 19:37:58,828 [INFO] CodeEngine:279 - Generated code: C:\Users\Роман\STM32CubeIDE\workspace_1.12.1\BWM427_Inclinometer\Core\Inc\main.h
2026-02-27 19:37:58,834 [INFO] CodeEngine:255 - oldGeneratedFile, C:\Users\Роман\STM32CubeIDE\workspace_1.12.1\BWM427_Inclinometer\Core\Src\main.c_save
2026-02-27 19:37:58,940 [INFO] CodeEngine:279 - Generated code: C:\Users\Роман\STM32CubeIDE\workspace_1.12.1\BWM427_Inclinometer\Core\Src\main.c
2026-02-27 19:38:11,843 [INFO] UtilMem:75 - End SaveConfig() Used Memory: 393132632 Bytes (639631360)
2026-02-27 19:38:19,746 [ERROR] ServerAccessManage:1096 - Problem, Http access forbiden
2026-02-27 19:38:19,748 [INFO] MainUpdater:2854 - connection check result : 22
2026-02-27 19:38:19,748 [INFO] CADModel:198 - CPN selected (Project mode): STM32F411CEU6
2026-02-27 19:38:19,749 [INFO] CADModel:200 - Internet connection configuration mode: 2
2026-02-27 19:38:19,830 [ERROR] ServerAccessManage:1096 - Problem, Http access forbiden
2026-02-27 19:38:19,831 [INFO] MainUpdater:2854 - connection check result : 22
2026-02-27 19:38:19,838 [INFO] CADModel:198 - CPN selected (Project mode): STM32F411CEU6
2026-02-27 19:38:19,838 [INFO] CADModel:200 - Internet connection configuration mode: 2
2026-02-27 19:38:21,111 [ERROR] ServerAccessManage:1096 - Problem, Http access forbiden
2026-02-27 19:38:21,112 [INFO] MainUpdater:2854 - connection check result : 22
2026-02-27 19:38:21,113 [INFO] CADModel:198 - CPN selected (Project mode): STM32F411CEU6
2026-02-27 19:38:21,113 [INFO] CADModel:200 - Internet connection configuration mode: 2
2026-02-27 19:38:21,196 [ERROR] ServerAccessManage:1096 - Problem, Http access forbiden
2026-02-27 19:38:21,197 [INFO] MainUpdater:2854 - connection check result : 22
2026-02-27 19:38:21,198 [INFO] CADModel:198 - CPN selected (Project mode): STM32F411CEU6
2026-02-27 19:38:21,198 [INFO] CADModel:200 - Internet connection configuration mode: 2
2026-02-27 19:38:21,805 [ERROR] ServerAccessManage:1096 - Problem, Http access forbiden
2026-02-27 19:38:21,807 [INFO] MainUpdater:2854 - connection check result : 22
2026-02-27 19:38:21,807 [INFO] CADModel:198 - CPN selected (Project mode): STM32F411CEU6
2026-02-27 19:38:21,807 [INFO] CADModel:200 - Internet connection configuration mode: 2
2026-02-27 19:38:21,888 [ERROR] ServerAccessManage:1096 - Problem, Http access forbiden
2026-02-27 19:38:21,890 [INFO] MainUpdater:2854 - connection check result : 22
2026-02-27 19:38:21,890 [INFO] CADModel:198 - CPN selected (Project mode): STM32F411CEU6
2026-02-27 19:38:21,890 [INFO] CADModel:200 - Internet connection configuration mode: 2
2026-02-27 19:38:39,353 [ERROR] ServerAccessManage:1146 - Warning during Server Connection :  Unknown host sw-center.st.com
2026-02-27 19:38:39,355 [INFO] MainUpdater:2854 - connection check result : 22
2026-02-27 19:38:39,356 [INFO] CADModel:198 - CPN selected (Project mode): STM32F411CEU6
2026-02-27 19:38:39,356 [INFO] CADModel:200 - Internet connection configuration mode: 2
2026-02-27 19:38:39,357 [ERROR] ServerAccessManage:1146 - Warning during Server Connection :  Unknown host sw-center.st.com
2026-02-27 19:38:39,358 [INFO] MainUpdater:2854 - connection check result : 22
2026-02-27 19:38:39,359 [INFO] CADModel:198 - CPN selected (Project mode): STM32F411CEU6
2026-02-27 19:38:39,359 [INFO] CADModel:200 - Internet connection configuration mode: 2
2026-02-27 19:38:39,425 [ERROR] ServerAccessManage:1146 - Warning during Server Connection :  Unknown host sw-center.st.com
2026-02-27 19:38:39,426 [INFO] MainUpdater:2854 - connection check result : 22
2026-02-27 19:38:39,427 [INFO] CADModel:198 - CPN selected (Project mode): STM32F411CEU6
2026-02-27 19:38:39,427 [INFO] CADModel:200 - Internet connection configuration mode: 2
2026-02-27 19:38:39,428 [ERROR] ServerAccessManage:1146 - Warning during Server Connection :  Unknown host sw-center.st.com
2026-02-27 19:38:39,429 [INFO] MainUpdater:2854 - connection check result : 22
2026-02-27 19:38:39,429 [INFO] CADModel:198 - CPN selected (Project mode): STM32F411CEU6
2026-02-27 19:38:39,429 [INFO] CADModel:200 - Internet connection configuration mode: 2
2026-02-27 19:38:39,432 [ERROR] ServerAccessManage:1146 - Warning during Server Connection :  Unknown host sw-center.st.com
2026-02-27 19:38:39,433 [INFO] MainUpdater:2854 - connection check result : 22
2026-02-27 19:38:39,434 [INFO] CADModel:198 - CPN selected (Project mode): STM32F411CEU6
2026-02-27 19:38:39,434 [INFO] CADModel:200 - Internet connection configuration mode: 2
2026-02-27 19:38:39,435 [ERROR] ServerAccessManage:1146 - Warning during Server Connection :  Unknown host sw-center.st.com
2026-02-27 19:38:39,437 [INFO] MainUpdater:2854 - connection check result : 22
2026-02-27 19:38:39,438 [INFO] CADModel:198 - CPN selected (Project mode): STM32F411CEU6
2026-02-27 19:38:39,438 [INFO] CADModel:200 - Internet connection configuration mode: 2
2026-02-27 19:38:39,441 [ERROR] ServerAccessManage:1146 - Warning during Server Connection :  Unknown host sw-center.st.com
2026-02-27 19:38:39,442 [INFO] MainUpdater:2854 - connection check result : 22
2026-02-27 19:38:39,443 [INFO] CADModel:198 - CPN selected (Project mode): STM32F411CEU6
2026-02-27 19:38:39,443 [INFO] CADModel:200 - Internet connection configuration mode: 2
2026-02-27 19:38:39,444 [ERROR] ServerAccessManage:1146 - Warning during Server Connection :  Unknown host sw-center.st.com
2026-02-27 19:38:39,445 [INFO] MainUpdater:2854 - connection check result : 22
2026-02-27 19:38:39,446 [INFO] CADModel:198 - CPN selected (Project mode): STM32F411CEU6
2026-02-27 19:38:39,446 [INFO] CADModel:200 - Internet connection configuration mode: 2
2026-02-27 19:38:39,449 [ERROR] ServerAccessManage:1146 - Warning during Server Connection :  Unknown host sw-center.st.com
2026-02-27 19:38:39,450 [INFO] MainUpdater:2854 - connection check result : 22
2026-02-27 19:38:39,450 [INFO] CADModel:198 - CPN selected (Project mode): STM32F411CEU6
2026-02-27 19:38:39,450 [INFO] CADModel:200 - Internet connection configuration mode: 2
2026-02-27 19:38:39,453 [ERROR] ServerAccessManage:1146 - Warning during Server Connection :  Unknown host sw-center.st.com
2026-02-27 19:38:39,454 [INFO] MainUpdater:2854 - connection check result : 22
2026-02-27 19:38:39,454 [INFO] CADModel:198 - CPN selected (Project mode): STM32F411CEU6
2026-02-27 19:38:39,454 [INFO] CADModel:200 - Internet connection configuration mode: 2
2026-02-27 19:38:39,523 [ERROR] ServerAccessManage:1146 - Warning during Server Connection :  Unknown host sw-center.st.com
2026-02-27 19:38:39,527 [INFO] MainUpdater:2854 - connection check result : 22
2026-02-27 19:38:39,602 [ERROR] ServerAccessManage:1146 - Warning during Server Connection :  Unknown host sw-center.st.com
2026-02-27 19:38:39,602 [ERROR] ServerAccessManage:651 - Unknown host server name. : stm32cube_fw_f4_v1270.zip.
2026-02-27 19:38:40,802 [INFO] LoadServerPackagesThread:196 - End of LoadServerPackages Thread
2026-02-27 19:38:40,925 [INFO] ThirdPartyModel:298 - Start build external matchings
2026-02-27 19:38:40,925 [INFO] ThirdPartyModel:316 - End build external matchings
2026-02-27 19:38:40,926 [INFO] CheckServerUpdateThread:120 - End of CheckServer Thread
2026-02-27 19:38:47,352 [ERROR] ServerAccessManage:1146 - Warning during Server Connection :  Unknown host sw-center.st.com
2026-02-27 19:38:47,353 [INFO] MainUpdater:2854 - connection check result : 22
2026-02-27 19:38:47,353 [INFO] CADModel:198 - CPN selected (Project mode): STM32F411CEU6
2026-02-27 19:38:47,353 [INFO] CADModel:200 - Internet connection configuration mode: 2
2026-02-27 19:38:47,355 [ERROR] ServerAccessManage:1146 - Warning during Server Connection :  Unknown host sw-center.st.com
2026-02-27 19:38:47,357 [INFO] MainUpdater:2854 - connection check result : 22
2026-02-27 19:38:47,357 [INFO] CADModel:198 - CPN selected (Project mode): STM32F411CEU6
2026-02-27 19:38:47,357 [INFO] CADModel:200 - Internet connection configuration mode: 2
2026-02-27 19:39:05,452 [INFO] MainUpdater:2854 - connection check result : 10
2026-02-27 19:39:05,856 [INFO] ServerAccessManage:473 - Download File stm32cube_fw_f4_v1270.zip
2026-02-27 19:39:42,845 [ERROR] LoadServerPackagesThread:830 - Invalid MD5 verification.
2026-02-27 19:39:47,386 [INFO] MainUpdater:3548 - Updater definition file requires update
2026-02-27 19:39:47,388 [INFO] LoadServerPackagesThread:196 - End of LoadServerPackages Thread
2026-02-27 19:39:47,827 [INFO] ServerAccessManage:473 - Download File updaters.zip
2026-02-27 19:39:48,175 [INFO] FileExtend:240 - Unzip File : updaters.zip
2026-02-27 19:39:48,176 [INFO] FileExtend:255 - Standard Zip Deflate
2026-02-27 19:39:48,886 [INFO] ServerAccessManage:473 - Download File PacksControlFlags.xml
2026-02-27 19:39:49,090 [INFO] ServerAccessManage:473 - Download File cubemx.pidx
2026-02-27 19:39:49,563 [INFO] ServerAccessManage:473 - Download File STMicroelectronics.FP-ATR-ASTRA1.pdsc
2026-02-27 19:39:50,889 [INFO] ServerAccessManage:473 - Download File STMicroelectronics.FP-ATR-SIGFOX1.pdsc
2026-02-27 19:39:51,336 [INFO] ServerAccessManage:473 - Download File STMicroelectronics.FP-SNS-STBOX1.pdsc
2026-02-27 19:39:52,083 [INFO] ServerAccessManage:473 - Download File STMicroelectronics.FP-SNS-FLIGHT1.pdsc
2026-02-27 19:39:53,299 [INFO] ServerAccessManage:473 - Download File STMicroelectronics.FP-SNS-MOTENV1.pdsc
2026-02-27 19:39:54,971 [INFO] ServerAccessManage:473 - Download File STMicroelectronics.FP-SNS-MOTENVWB1.pdsc
2026-02-27 19:39:55,985 [INFO] ServerAccessManage:473 - Download File STMicroelectronics.FP-SNS-SMARTAG2.pdsc
2026-02-27 19:39:56,628 [INFO] ServerAccessManage:473 - Download File STMicroelectronics.FP-SNS-STAIOTCFT.pdsc
2026-02-27 19:39:57,142 [INFO] ServerAccessManage:473 - Download File STMicroelectronics.X-CUBE-AI.pdsc
2026-02-27 19:40:01,958 [INFO] ServerAccessManage:473 - Download File STMicroelectronics.X-CUBE-ALS.pdsc
2026-02-27 19:40:02,949 [INFO] ServerAccessManage:473 - Download File STMicroelectronics.X-CUBE-BLE1.pdsc
2026-02-27 19:40:06,511 [ERROR] ServerAccessManage:1089 - Problem, file not found on Server
2026-02-27 19:40:06,753 [INFO] ServerAccessManage:473 - Download File STMicroelectronics.X-CUBE-BLE2.pdsc
2026-02-27 19:40:08,273 [ERROR] ExternalUserPreferencesManager:606 - Error while get path from external application: null
2026-02-27 19:40:08,273 [ERROR] ExternalUserPreferencesManager:336 - Error while get preference info from external application: null
2026-02-27 19:40:08,274 [ERROR] ExternalUserPreferencesManager:560 - Error while get preference info from external application: null
2026-02-27 19:40:08,433 [ERROR] ExternalUserPreferencesManager:560 - Error while get preference info from external application: null
2026-02-27 19:41:27,186 [INFO] Activator:176 - 


2026-02-27 19:41:27,188 [INFO] Activator:177 - !SESSION log4j initialized
2026-02-27 19:41:31,436 [INFO] LogOutputStream:77 - [STDOUT_REDIRECT] 
2026-02-27 19:42:20,200 [ERROR] LogOutputStream:75 - [STDERR_REDIRECT] SLF4J: Failed to load class "org.slf4j.impl.StaticLoggerBinder".
2026-02-27 19:42:20,200 [ERROR] LogOutputStream:75 - [STDERR_REDIRECT] SLF4J: Defaulting to no-operation (NOP) logger implementation
2026-02-27 19:42:20,203 [ERROR] LogOutputStream:75 - [STDERR_REDIRECT] SLF4J: See http://www.slf4j.org/codes.html#StaticLoggerBinder for further details.
2026-02-27 19:42:24,310 [INFO] ApplicationProperties:184 - Using Application install path: C:\ST\STM32CubeIDE_1.12.1\STM32CubeIDE\plugins\com.st.stm32cube.common.mx_6.8.1.202304191431
2026-02-27 19:42:24,333 [INFO] DbMcusXml:78 - Set database path to: C:\ST\STM32CubeIDE_1.12.1\STM32CubeIDE\plugins\com.st.stm32cube.common.mx_6.8.1.202304191431\\db\/mcu/
2026-02-27 19:42:24,334 [INFO] ApiDb:274 - Set plugin database path to: C:\ST\STM32CubeIDE_1.12.1\STM32CubeIDE\plugins\com.st.stm32cube.common.mx_6.8.1.202304191431\\db\/plugins/boardmanager/
2026-02-27 19:42:24,338 [WARN] ApiDb:259 - Overriding images path with different value:  => C:\ST\STM32CubeIDE_1.12.1\STM32CubeIDE\plugins\com.st.stm32cube.common.mx_6.8.1.202304191431\\db\/plugins/mcufinder/images/
2026-02-27 19:42:24,356 [INFO] ApiDb:250 - Set database path to: C:\Users\Роман\.stmcufinder\plugins\mcufinder//mcu/
2026-02-27 19:42:24,359 [INFO] DbMcusAds:125 - Set database path to: C:\Users\Роман\.stmcufinder\plugins\mcufinder//mcu/
2026-02-27 19:42:35,492 [INFO] CrossReferenceDbSqlite:203 - Set database path to: C:\Users\Роман\.stmcufinder\plugins\mcufinder//mcu/cs/
2026-02-27 19:42:35,588 [INFO] RulesReader:64 - Compatibility file has been processed (293 Rules)
2026-02-27 19:42:35,669 [INFO] DbMcusXml:78 - Set database path to: C:\ST\STM32CubeIDE_1.12.1\STM32CubeIDE\plugins\com.st.stm32cube.common.mx_6.8.1.202304191431\\db\/mcu/
2026-02-27 19:42:35,670 [INFO] ApiDb:274 - Set plugin database path to: C:\ST\STM32CubeIDE_1.12.1\STM32CubeIDE\plugins\com.st.stm32cube.common.mx_6.8.1.202304191431\\db\/plugins/boardmanager/
2026-02-27 19:42:35,670 [INFO] ApiDb:261 - Set plugin images path to: C:\ST\STM32CubeIDE_1.12.1\STM32CubeIDE\plugins\com.st.stm32cube.common.mx_6.8.1.202304191431\\db\/plugins/mcufinder/images/
2026-02-27 19:42:35,670 [WARN] DbFile:41 - Overriding database path with different value: C:\Users\Роман\.stmcufinder\plugins\mcufinder/ => C:\Users\Роман\.stmcufinder\plugins\mcufinder
2026-02-27 19:42:35,670 [INFO] ApiDb:250 - Set database path to: C:\Users\Роман\.stmcufinder\plugins\mcufinder//mcu/
2026-02-27 19:42:35,670 [WARN] DbFile:41 - Overriding database path with different value: C:\Users\Роман\.stmcufinder\plugins\mcufinder/ => C:\Users\Роман\.stmcufinder\plugins\mcufinder
2026-02-27 19:42:35,670 [INFO] DbMcusAds:125 - Set database path to: C:\Users\Роман\.stmcufinder\plugins\mcufinder//mcu/
2026-02-27 19:42:35,670 [WARN] DbFile:41 - Overriding database path with different value: C:\Users\Роман\.stmcufinder\plugins\mcufinder/ => C:\Users\Роман\.stmcufinder\plugins\mcufinder
2026-02-27 19:42:35,670 [WARN] DbFile:41 - Overriding database path with different value: C:\Users\Роман\.stmcufinder\plugins\mcufinder/ => C:\Users\Роман\.stmcufinder\plugins\mcufinder
2026-02-27 19:42:35,672 [INFO] CrossReferenceDbSqlite:203 - Set database path to: C:\Users\Роман\.stmcufinder\plugins\mcufinder//mcu/cs/
2026-02-27 19:42:35,759 [INFO] MainPanel:253 - HeapMemory: 268435456
2026-02-27 19:42:35,851 [INFO] DbMcusXml:78 - Set database path to: C:\ST\STM32CubeIDE_1.12.1\STM32CubeIDE\plugins\com.st.stm32cube.common.mx_6.8.1.202304191431\\db\/mcu/
2026-02-27 19:42:35,852 [INFO] ApiDb:274 - Set plugin database path to: C:\ST\STM32CubeIDE_1.12.1\STM32CubeIDE\plugins\com.st.stm32cube.common.mx_6.8.1.202304191431\\db\/plugins/boardmanager/
2026-02-27 19:42:35,852 [INFO] ApiDb:261 - Set plugin images path to: C:\ST\STM32CubeIDE_1.12.1\STM32CubeIDE\plugins\com.st.stm32cube.common.mx_6.8.1.202304191431\\db\/plugins/mcufinder/images/
2026-02-27 19:42:35,853 [WARN] DbFile:41 - Overriding database path with different value: C:\Users\Роман\.stmcufinder\plugins\mcufinder/ => C:\Users\Роман\.stmcufinder\plugins\mcufinder
2026-02-27 19:42:35,853 [INFO] ApiDb:250 - Set database path to: C:\Users\Роман\.stmcufinder\plugins\mcufinder//mcu/
2026-02-27 19:42:35,853 [WARN] DbFile:41 - Overriding database path with different value: C:\Users\Роман\.stmcufinder\plugins\mcufinder/ => C:\Users\Роман\.stmcufinder\plugins\mcufinder
2026-02-27 19:42:35,853 [INFO] DbMcusAds:125 - Set database path to: C:\Users\Роман\.stmcufinder\plugins\mcufinder//mcu/
2026-02-27 19:42:35,853 [WARN] DbFile:41 - Overriding database path with different value: C:\Users\Роман\.stmcufinder\plugins\mcufinder/ => C:\Users\Роман\.stmcufinder\plugins\mcufinder
2026-02-27 19:42:35,853 [WARN] DbFile:41 - Overriding database path with different value: C:\Users\Роман\.stmcufinder\plugins\mcufinder/ => C:\Users\Роман\.stmcufinder\plugins\mcufinder
2026-02-27 19:42:35,853 [INFO] CrossReferenceDbSqlite:203 - Set database path to: C:\Users\Роман\.stmcufinder\plugins\mcufinder//mcu/cs/
2026-02-27 19:42:35,884 [INFO] ApplicationProperties:184 - Using Application install path: C:\ST\STM32CubeIDE_1.12.1\STM32CubeIDE\plugins\com.st.stm32cube.common.mx_6.8.1.202304191431
2026-02-27 19:42:35,886 [INFO] PluginManage:196 - Search for loadable plugins [exclusion list=, ]
2026-02-27 19:42:35,888 [INFO] PluginManage:310 - Check plugin analytics
2026-02-27 19:42:52,172 [INFO] AnalyticsPlugin:253 - Accepted Software Licenses: 
2026-02-27 19:42:52,173 [INFO] AnalyticsPlugin:255 - Accepted CMSIS Pack Licenses: 
2026-02-27 19:42:52,173 [INFO] AnalyticsPlugin:257 - Accepted Firmware Licenses: 
2026-02-27 19:42:52,187 [INFO] PluginManage:359 - Loaded plugin analytics (category:tool,tabindex:-1)
2026-02-27 19:42:52,187 [INFO] PluginManage:310 - Check plugin cadmodel
2026-02-27 19:42:52,192 [INFO] CADModel:105 - Init CAD model plugin
2026-02-27 19:42:52,193 [INFO] PluginManage:359 - Loaded plugin cadmodel (category:power,tabindex:5)
2026-02-27 19:42:52,193 [INFO] PluginManage:310 - Check plugin clock
2026-02-27 19:42:52,207 [INFO] PluginManage:359 - Loaded plugin clock (category:base,tabindex:2)
2026-02-27 19:42:52,207 [INFO] PluginManage:310 - Check plugin ddr
2026-02-27 19:42:52,209 [INFO] PluginManage:359 - Loaded plugin ddr (category:tool,tabindex:6)
2026-02-27 19:42:52,209 [INFO] PluginManage:310 - Check plugin filemanager
2026-02-27 19:42:52,354 [INFO] PluginManage:359 - Loaded plugin filemanager (category:base,tabindex:10)
2026-02-27 19:42:52,354 [INFO] PluginManage:310 - Check plugin ipmanager
2026-02-27 19:42:52,362 [INFO] PluginManage:359 - Loaded plugin ipmanager (category:base,tabindex:5)
2026-02-27 19:42:52,362 [INFO] PluginManage:310 - Check plugin lpbam
2026-02-27 19:42:52,375 [INFO] PluginManage:359 - Loaded plugin lpbam (category:base,tabindex:0)
2026-02-27 19:42:52,375 [INFO] PluginManage:310 - Check plugin pinoutandconfiguration
2026-02-27 19:42:52,385 [INFO] PluginManage:359 - Loaded plugin pinoutandconfiguration (category:base,tabindex:1)
2026-02-27 19:42:52,385 [INFO] PluginManage:310 - Check plugin pinoutconfig
2026-02-27 19:42:52,462 [WARN] SupportedApi:132 - Cannot load RTOS API schema: s4s-elt-must-match.1: The content of 'definitions' must match (annotation?, (simpleType | complexType)?, (unique | key | keyref)*)). A problem was found starting at: attribute.
2026-02-27 19:42:52,599 [INFO] PluginManage:359 - Loaded plugin pinoutconfig (category:base,tabindex:0)
2026-02-27 19:42:52,600 [INFO] PluginManage:310 - Check plugin power
2026-02-27 19:42:52,612 [INFO] PluginManage:359 - Loaded plugin power (category:power,tabindex:4)
2026-02-27 19:42:52,612 [INFO] PluginManage:310 - Check plugin projectmanager
2026-02-27 19:42:52,633 [INFO] PluginManage:359 - Loaded plugin projectmanager (category:projectmanager,tabindex:3)
2026-02-27 19:42:52,634 [INFO] PluginManage:310 - Check plugin thirdparty
2026-02-27 19:42:52,763 [INFO] PluginManage:359 - Loaded plugin thirdparty (category:base,tabindex:-1)
2026-02-27 19:42:52,763 [WARN] IntegrityCheckThread:84 - waiting for thirdparty lock release [integrity check]
2026-02-27 19:42:52,763 [INFO] IntegrityCheckThread:86 - entering critical section [integrity check]
2026-02-27 19:42:52,763 [INFO] PluginManage:310 - Check plugin tools
2026-02-27 19:42:52,764 [INFO] ThirdPartyUpdaterWithRetryManager:70 - Updater plugin not ready yet. [1/15]
2026-02-27 19:42:52,766 [INFO] PluginManage:359 - Loaded plugin tools (category:base,tabindex:7)
2026-02-27 19:42:52,766 [INFO] PluginManage:310 - Check plugin tutovideos
2026-02-27 19:42:53,005 [INFO] PluginManage:359 - Loaded plugin tutovideos (category:base,tabindex:-1)
2026-02-27 19:42:53,005 [INFO] PluginManage:310 - Check plugin updater
2026-02-27 19:42:53,022 [INFO] PluginManage:359 - Loaded plugin updater (category:base,tabindex:12)
2026-02-27 19:42:53,023 [INFO] PluginManage:283 - PluginManage : Loaded plugins [15]
2026-02-27 19:42:53,438 [INFO] PinOutPanel:1499 - setPackage(No Configuration,No Configuration)
2026-02-27 19:42:53,555 [INFO] CADModel:165 - CPN selected for project level
2026-02-27 19:42:53,556 [INFO] CADModel:114 - Register for checkConnection events
2026-02-27 19:42:53,577 [INFO] IPUIPlugin:80 - create IPUIPlugin
2026-02-27 19:42:53,577 [INFO] PluginManager:220 - loadIPPluginJar : add adc
2026-02-27 19:42:53,581 [INFO] IPUIPlugin:80 - create IPUIPlugin
2026-02-27 19:42:53,581 [INFO] PluginManager:220 - loadIPPluginJar : add aes
2026-02-27 19:42:53,584 [INFO] IPUIPlugin:80 - create IPUIPlugin
2026-02-27 19:42:53,585 [INFO] PluginManager:220 - loadIPPluginJar : add can
2026-02-27 19:42:53,588 [INFO] IPUIPlugin:80 - create IPUIPlugin
2026-02-27 19:42:53,588 [INFO] PluginManager:220 - loadIPPluginJar : add comp
2026-02-27 19:42:53,591 [INFO] IPUIPlugin:80 - create IPUIPlugin
2026-02-27 19:42:53,591 [INFO] PluginManager:220 - loadIPPluginJar : add cryp
2026-02-27 19:42:53,593 [INFO] IPUIPlugin:80 - create IPUIPlugin
2026-02-27 19:42:53,594 [INFO] PluginManager:220 - loadIPPluginJar : add dfsdm
2026-02-27 19:42:53,601 [INFO] IPUIPlugin:80 - create IPUIPlugin
2026-02-27 19:42:53,603 [INFO] PluginManager:220 - loadIPPluginJar : add dma
2026-02-27 19:42:53,605 [INFO] IPUIPlugin:80 - create IPUIPlugin
2026-02-27 19:42:53,605 [INFO] PluginManager:220 - loadIPPluginJar : add dma3
2026-02-27 19:42:53,607 [INFO] IPUIPlugin:80 - create IPUIPlugin
2026-02-27 19:42:53,608 [INFO] PluginManager:220 - loadIPPluginJar : add fatfs
2026-02-27 19:42:53,614 [INFO] IPUIPlugin:80 - create IPUIPlugin
2026-02-27 19:42:53,614 [INFO] PluginManager:220 - loadIPPluginJar : add fmc
2026-02-27 19:42:53,620 [INFO] IPUIPlugin:80 - create IPUIPlugin
2026-02-27 19:42:53,621 [INFO] PluginManager:220 - loadIPPluginJar : add freertos
2026-02-27 19:42:53,623 [INFO] IPUIPlugin:80 - create IPUIPlugin
2026-02-27 19:42:53,623 [INFO] PluginManager:220 - loadIPPluginJar : add genericplugin
2026-02-27 19:42:53,625 [INFO] IPUIPlugin:80 - create IPUIPlugin
2026-02-27 19:42:53,626 [INFO] PluginManager:220 - loadIPPluginJar : add gfxmmu
2026-02-27 19:42:53,633 [INFO] IPUIPlugin:80 - create IPUIPlugin
2026-02-27 19:42:53,633 [INFO] PluginManager:220 - loadIPPluginJar : add gic
2026-02-27 19:42:53,639 [INFO] IPUIPlugin:80 - create IPUIPlugin
2026-02-27 19:42:53,639 [INFO] PluginManager:220 - loadIPPluginJar : add gpio
2026-02-27 19:42:53,642 [INFO] IPUIPlugin:80 - create IPUIPlugin
2026-02-27 19:42:53,642 [INFO] PluginManager:220 - loadIPPluginJar : add gtzc
2026-02-27 19:42:53,646 [INFO] IPUIPlugin:80 - create IPUIPlugin
2026-02-27 19:42:53,646 [INFO] PluginManager:220 - loadIPPluginJar : add hash
2026-02-27 19:42:53,649 [INFO] IPUIPlugin:80 - create IPUIPlugin
2026-02-27 19:42:53,649 [INFO] PluginManager:220 - loadIPPluginJar : add i2c
2026-02-27 19:42:53,652 [INFO] IPUIPlugin:80 - create IPUIPlugin
2026-02-27 19:42:53,653 [INFO] PluginManager:220 - loadIPPluginJar : add i2s
2026-02-27 19:42:53,656 [INFO] IPUIPlugin:80 - create IPUIPlugin
2026-02-27 19:42:53,657 [INFO] PluginManager:220 - loadIPPluginJar : add i3c
2026-02-27 19:42:53,659 [INFO] IPUIPlugin:80 - create IPUIPlugin
2026-02-27 19:42:53,661 [INFO] PluginManager:220 - loadIPPluginJar : add ipddr
2026-02-27 19:42:53,669 [INFO] IPUIPlugin:80 - create IPUIPlugin
2026-02-27 19:42:53,670 [INFO] PluginManager:220 - loadIPPluginJar : add linkedlist
2026-02-27 19:42:53,673 [INFO] IPUIPlugin:80 - create IPUIPlugin
2026-02-27 19:42:53,673 [INFO] PluginManager:220 - loadIPPluginJar : add lorawan
2026-02-27 19:42:53,675 [INFO] IPUIPlugin:80 - create IPUIPlugin
2026-02-27 19:42:53,676 [INFO] PluginManager:220 - loadIPPluginJar : add ltdc
2026-02-27 19:42:53,682 [INFO] IPUIPlugin:80 - create IPUIPlugin
2026-02-27 19:42:53,683 [INFO] PluginManager:220 - loadIPPluginJar : add mdma
2026-02-27 19:42:53,686 [INFO] IPUIPlugin:80 - create IPUIPlugin
2026-02-27 19:42:53,686 [INFO] PluginManager:220 - loadIPPluginJar : add nvic
2026-02-27 19:42:53,689 [INFO] IPUIPlugin:80 - create IPUIPlugin
2026-02-27 19:42:53,689 [INFO] PluginManager:220 - loadIPPluginJar : add opamp
2026-02-27 19:42:53,694 [INFO] IPUIPlugin:80 - create IPUIPlugin
2026-02-27 19:42:53,695 [INFO] PluginManager:220 - loadIPPluginJar : add openamp
2026-02-27 19:42:53,700 [INFO] IPUIPlugin:80 - create IPUIPlugin
2026-02-27 19:42:53,700 [INFO] PluginManager:220 - loadIPPluginJar : add pdm2pcm
2026-02-27 19:42:53,709 [INFO] IPUIPlugin:80 - create IPUIPlugin
2026-02-27 19:42:53,714 [INFO] PluginManager:220 - loadIPPluginJar : add plateformsettings
2026-02-27 19:42:53,716 [INFO] IPUIPlugin:80 - create IPUIPlugin
2026-02-27 19:42:53,716 [INFO] PluginManager:220 - loadIPPluginJar : add quadspi
2026-02-27 19:42:53,720 [INFO] IPUIPlugin:80 - create IPUIPlugin
2026-02-27 19:42:53,720 [INFO] PluginManager:220 - loadIPPluginJar : add resmgrutility
2026-02-27 19:42:53,727 [INFO] IPUIPlugin:80 - create IPUIPlugin
2026-02-27 19:42:53,727 [INFO] PluginManager:220 - loadIPPluginJar : add sai
2026-02-27 19:42:53,733 [INFO] IPUIPlugin:80 - create IPUIPlugin
2026-02-27 19:42:53,733 [INFO] PluginManager:220 - loadIPPluginJar : add spi
2026-02-27 19:42:53,742 [INFO] IPUIPlugin:80 - create IPUIPlugin
2026-02-27 19:42:53,742 [INFO] PluginManager:220 - loadIPPluginJar : add stm32_wpan
2026-02-27 19:42:53,746 [INFO] IPUIPlugin:80 - create IPUIPlugin
2026-02-27 19:42:53,746 [INFO] PluginManager:220 - loadIPPluginJar : add tim
2026-02-27 19:42:53,752 [INFO] IPUIPlugin:80 - create IPUIPlugin
2026-02-27 19:42:53,752 [INFO] PluginManager:220 - loadIPPluginJar : add touchsensing
2026-02-27 19:42:53,755 [INFO] IPUIPlugin:80 - create IPUIPlugin
2026-02-27 19:42:53,755 [INFO] PluginManager:220 - loadIPPluginJar : add tracer_emb
2026-02-27 19:42:53,758 [INFO] IPUIPlugin:80 - create IPUIPlugin
2026-02-27 19:42:53,758 [INFO] PluginManager:220 - loadIPPluginJar : add ts
2026-02-27 19:42:53,760 [INFO] IPUIPlugin:80 - create IPUIPlugin
2026-02-27 19:42:53,761 [INFO] PluginManager:220 - loadIPPluginJar : add tsc
2026-02-27 19:42:53,764 [INFO] IPUIPlugin:80 - create IPUIPlugin
2026-02-27 19:42:53,764 [INFO] PluginManager:220 - loadIPPluginJar : add ucpd
2026-02-27 19:42:53,769 [INFO] IPUIPlugin:80 - create IPUIPlugin
2026-02-27 19:42:53,769 [INFO] PluginManager:220 - loadIPPluginJar : add usart
2026-02-27 19:42:53,773 [INFO] IPUIPlugin:80 - create IPUIPlugin
2026-02-27 19:42:53,774 [INFO] PluginManager:220 - loadIPPluginJar : add usbx
2026-02-27 19:42:53,984 [INFO] CADModel:165 - CPN selected for project level
2026-02-27 19:42:53,984 [INFO] CADModel:114 - Register for checkConnection events
2026-02-27 19:42:53,985 [FATAL] Updater:308 - Updater called before beeing initialized
2026-02-27 19:42:53,985 [ERROR] CADModel:125 - Updater not yet initialized, retry later 
2026-02-27 19:42:54,178 [INFO] CADModel:165 - CPN selected for project level
2026-02-27 19:42:54,179 [INFO] CADModel:114 - Register for checkConnection events
2026-02-27 19:42:54,179 [FATAL] Updater:308 - Updater called before beeing initialized
2026-02-27 19:42:54,179 [ERROR] CADModel:125 - Updater not yet initialized, retry later 
2026-02-27 19:42:54,186 [FATAL] Updater:308 - Updater called before beeing initialized
2026-02-27 19:42:54,385 [FATAL] Updater:308 - Updater called before beeing initialized
2026-02-27 19:42:54,393 [INFO] DbMcusAds:53 - JSON generation date=Wed May 07 12:07:55 MSK 2025 (1746608875484)
2026-02-27 19:42:54,394 [FATAL] Updater:308 - Updater called before beeing initialized
2026-02-27 19:42:54,439 [WARN] DetailPanel:346 - Failed to get advertising image, set to default
2026-02-27 19:42:54,587 [FATAL] Updater:308 - Updater called before beeing initialized
2026-02-27 19:42:54,589 [FATAL] Updater:308 - Updater called before beeing initialized
2026-02-27 19:42:54,589 [FATAL] Updater:308 - Updater called before beeing initialized
2026-02-27 19:42:54,589 [WARN] DetailPanel:346 - Failed to get advertising image, set to default
2026-02-27 19:42:54,590 [FATAL] Updater:308 - Updater called before beeing initialized
2026-02-27 19:42:54,661 [ERROR] Updater:1120 - MainUpdater not yet initialized. External WinMGr cannot be set.
2026-02-27 19:42:54,664 [INFO] Updater:1056 - Updater Version found : 6.8.1
2026-02-27 19:42:54,687 [INFO] ApplicationProperties:184 - Using Application install path: C:\ST\STM32CubeIDE_1.12.1\STM32CubeIDE\plugins\com.st.stm32cube.common.mx_6.8.1.202304191431
2026-02-27 19:42:55,163 [INFO] MainUpdater:2854 - connection check result : 10
2026-02-27 19:42:55,164 [INFO] MainUpdater:3548 - Updater definition file requires update
2026-02-27 19:42:55,165 [INFO] MainUpdater:283 - Updater Check For Update Now.
2026-02-27 19:42:55,168 [INFO] MicroXplorer:498 - Change Database Version : DB.6.0.81
2026-02-27 19:42:55,319 [INFO] ServerAccessManage:473 - Download File updaters.zip
2026-02-27 19:42:55,714 [INFO] FileExtend:240 - Unzip File : updaters.zip
2026-02-27 19:42:55,715 [INFO] FileExtend:255 - Standard Zip Deflate
2026-02-27 19:42:55,768 [WARN] MainUpdater:1187 - Updater busy. Cannot search thirdparties
2026-02-27 19:42:55,769 [INFO] ThirdPartyUpdaterWithRetryManager:96 - Updater plugin is busy. [1/15]
2026-02-27 19:42:56,342 [INFO] ServerAccessManage:473 - Download File PacksControlFlags.xml
2026-02-27 19:42:56,475 [INFO] ServerAccessManage:473 - Download File cubemx.pidx
2026-02-27 19:42:56,559 [INFO] LoadServerUpdatesThread:373 - End of LoadServerUpdate Thread
2026-02-27 19:42:56,717 [INFO] CheckServerUpdateThread:120 - End of CheckServer Thread
2026-02-27 19:42:56,806 [INFO] MainUpdater:2854 - connection check result : 10
2026-02-27 19:42:56,807 [INFO] MainUpdater:2854 - connection check result : 10
2026-02-27 19:42:56,852 [INFO] MicroXplorer:468 - Change Database Path : 
2026-02-27 19:42:56,853 [INFO] MicroXplorer:498 - Change Database Version : DB.6.0.81
2026-02-27 19:42:56,853 [WARN] ThirdParty:871 - waiting for thirdparty lock release [close project]
2026-02-27 19:42:58,904 [WARN] PackLoader:240 - Cannot read IP mode file for STMicroelectronics.X-CUBE-BLE2.3.3.0
2026-02-27 19:42:58,911 [WARN] PackLoader:240 - Cannot read IP mode file for STMicroelectronics.FP-ATR-SIGFOX1.3.2.0
2026-02-27 19:42:58,913 [INFO] ThirdParty:978 - Integrity check success = true
2026-02-27 19:42:58,913 [INFO] IntegrityCheckThread:100 - exiting critical section [integrity check]
2026-02-27 19:42:58,913 [INFO] IntegrityCheckThread:103 - End integrity checks thread
2026-02-27 19:42:58,914 [INFO] ThirdParty:873 - entering critical section [close project]
2026-02-27 19:42:58,915 [INFO] ThirdParty:883 - exiting critical section [close project]
2026-02-27 19:42:58,918 [INFO] PinOutPanel:1499 - setPackage(No Configuration,No Configuration)
2026-02-27 19:42:58,924 [INFO] UtilMem:75 - Begin LoadConfig() Used Memory: 231487104 Bytes (330301440)
2026-02-27 19:42:58,925 [INFO] MicroXplorer:468 - Change Database Path : 
2026-02-27 19:42:58,925 [INFO] MicroXplorer:498 - Change Database Version : DB.6.0.81
2026-02-27 19:42:58,925 [INFO] OpenFileManager:308 - Change cursor
2026-02-27 19:42:58,953 [INFO] Mcu:1937 - Initializing MCU STM32F411C(C-E)Ux STM32F411CEUx STM32F411CEU6
2026-02-27 19:43:00,148 [INFO] Context:659 - Trying to add GPIOservice into a context  which must be forbidden
2026-02-27 19:43:00,602 [INFO] RtosManager:555 - Registered RTOS mode: class=CMSIS, group=RTOS, mode=CMSIS_V1, owner=FREERTOS
2026-02-27 19:43:00,602 [INFO] RtosManager:555 - Registered RTOS mode: class=CMSIS, group=RTOS2, mode=CMSIS_V2, owner=FREERTOS
2026-02-27 19:43:00,602 [INFO] RtosManager:555 - Registered RTOS mode: class=RTOS, group=Core, mode=CMSIS_V1, owner=FREERTOS
2026-02-27 19:43:00,602 [INFO] RtosManager:555 - Registered RTOS mode: class=RTOS, group=Core, mode=CMSIS_V2, owner=FREERTOS
2026-02-27 19:43:00,603 [WARN] ModelIntegratedComponent:184 - Missing modes for component STMicroelectronics:FreeRTOS:0.0.1:STMicroelectronics:RTOS:FreeRTOS:Core:::10.2.0:
2026-02-27 19:43:00,603 [WARN] ModelIntegratedComponent:182 - Modes not found for component STMicroelectronics:USB_DEVICE:1.0.0:STMicroelectronics:USB::USB Device:Audio HS::1.0:USB_DEVICE_1_0_RESTRICTED_HS
2026-02-27 19:43:00,604 [WARN] ModelIntegratedComponent:188 - Modes not found for component STMicroelectronics:USB_DEVICE:1.0.0:STMicroelectronics:USB::USB Device:Audio HS::1.0:USB_DEVICE_1_0_RESTRICTED_HS
2026-02-27 19:43:00,604 [WARN] ModelIntegratedComponent:182 - Modes not found for component STMicroelectronics:USB_DEVICE:1.0.0:STMicroelectronics:USB::USB Device:CDC HS::1.0:USB_DEVICE_1_0_RESTRICTED_HS
2026-02-27 19:43:00,604 [WARN] ModelIntegratedComponent:188 - Modes not found for component STMicroelectronics:USB_DEVICE:1.0.0:STMicroelectronics:USB::USB Device:CDC HS::1.0:USB_DEVICE_1_0_RESTRICTED_HS
2026-02-27 19:43:00,604 [WARN] ModelIntegratedComponent:182 - Modes not found for component STMicroelectronics:USB_DEVICE:1.0.0:STMicroelectronics:USB::USB Device:DFU HS::1.0:USB_DEVICE_1_0_RESTRICTED_HS
2026-02-27 19:43:00,604 [WARN] ModelIntegratedComponent:188 - Modes not found for component STMicroelectronics:USB_DEVICE:1.0.0:STMicroelectronics:USB::USB Device:DFU HS::1.0:USB_DEVICE_1_0_RESTRICTED_HS
2026-02-27 19:43:00,604 [WARN] ModelIntegratedComponent:182 - Modes not found for component STMicroelectronics:USB_DEVICE:1.0.0:STMicroelectronics:USB::USB Device:HID HS::1.0:USB_DEVICE_1_0_RESTRICTED_HS
2026-02-27 19:43:00,604 [WARN] ModelIntegratedComponent:188 - Modes not found for component STMicroelectronics:USB_DEVICE:1.0.0:STMicroelectronics:USB::USB Device:HID HS::1.0:USB_DEVICE_1_0_RESTRICTED_HS
2026-02-27 19:43:00,604 [WARN] ModelIntegratedComponent:182 - Modes not found for component STMicroelectronics:USB_DEVICE:1.0.0:STMicroelectronics:USB::USB Device:Custom HID HS::1.0:USB_DEVICE_1_0_RESTRICTED_HS
2026-02-27 19:43:00,604 [WARN] ModelIntegratedComponent:188 - Modes not found for component STMicroelectronics:USB_DEVICE:1.0.0:STMicroelectronics:USB::USB Device:Custom HID HS::1.0:USB_DEVICE_1_0_RESTRICTED_HS
2026-02-27 19:43:00,604 [WARN] ModelIntegratedComponent:182 - Modes not found for component STMicroelectronics:USB_DEVICE:1.0.0:STMicroelectronics:USB::USB Device:MSC HS::1.0:USB_DEVICE_1_0_RESTRICTED_HS
2026-02-27 19:43:00,604 [WARN] ModelIntegratedComponent:188 - Modes not found for component STMicroelectronics:USB_DEVICE:1.0.0:STMicroelectronics:USB::USB Device:MSC HS::1.0:USB_DEVICE_1_0_RESTRICTED_HS
2026-02-27 19:43:00,606 [WARN] ModelIntegratedComponent:63 - No mode defined for component null
2026-02-27 19:43:00,606 [WARN] ModelIntegratedComponent:63 - No mode defined for component null
2026-02-27 19:43:00,606 [WARN] ModelIntegratedComponent:63 - No mode defined for component null
2026-02-27 19:43:00,606 [WARN] ModelIntegratedComponent:63 - No mode defined for component null
2026-02-27 19:43:00,606 [WARN] ModelIntegratedComponent:63 - No mode defined for component null
2026-02-27 19:43:00,606 [WARN] ModelIntegratedComponent:63 - No mode defined for component null
2026-02-27 19:43:00,606 [WARN] ModelIntegratedComponent:63 - No mode defined for component null
2026-02-27 19:43:00,607 [WARN] ModelIntegratedComponent:63 - No mode defined for component null
2026-02-27 19:43:00,607 [WARN] ModelIntegratedComponent:63 - No mode defined for component null
2026-02-27 19:43:00,607 [WARN] ModelIntegratedComponent:63 - No mode defined for component null
2026-02-27 19:43:00,607 [WARN] ModelIntegratedComponent:63 - No mode defined for component null
2026-02-27 19:43:00,607 [WARN] ModelIntegratedComponent:63 - No mode defined for component null
2026-02-27 19:43:00,607 [WARN] ModelIntegratedComponent:63 - No mode defined for component null
2026-02-27 19:43:00,607 [WARN] ModelIntegratedComponent:63 - No mode defined for component null
2026-02-27 19:43:00,608 [WARN] ModelIntegratedComponent:63 - No mode defined for component null
2026-02-27 19:43:00,608 [WARN] ModelIntegratedComponent:63 - No mode defined for component null
2026-02-27 19:43:00,608 [WARN] ModelIntegratedComponent:63 - No mode defined for component null
2026-02-27 19:43:00,608 [WARN] ModelIntegratedComponent:63 - No mode defined for component null
2026-02-27 19:43:00,608 [WARN] ModelIntegratedComponent:63 - No mode defined for component null
2026-02-27 19:43:00,608 [WARN] ModelIntegratedComponent:63 - No mode defined for component null
2026-02-27 19:43:00,608 [WARN] ModelIntegratedComponent:63 - No mode defined for component null
2026-02-27 19:43:00,608 [WARN] ModelIntegratedComponent:63 - No mode defined for component null
2026-02-27 19:43:00,608 [WARN] ModelIntegratedComponent:63 - No mode defined for component null
2026-02-27 19:43:00,608 [WARN] ModelIntegratedComponent:63 - No mode defined for component null
2026-02-27 19:43:00,608 [WARN] ModelIntegratedComponent:63 - No mode defined for component null
2026-02-27 19:43:00,608 [WARN] ModelIntegratedComponent:63 - No mode defined for component null
2026-02-27 19:43:00,610 [WARN] ModelIntegratedComponent:63 - No mode defined for component null
2026-02-27 19:43:00,610 [WARN] ModelIntegratedComponent:63 - No mode defined for component null
2026-02-27 19:43:00,610 [WARN] ModelIntegratedComponent:63 - No mode defined for component null
2026-02-27 19:43:00,610 [WARN] ModelIntegratedComponent:63 - No mode defined for component null
2026-02-27 19:43:00,610 [WARN] ModelIntegratedComponent:63 - No mode defined for component null
2026-02-27 19:43:00,610 [WARN] ModelIntegratedComponent:63 - No mode defined for component null
2026-02-27 19:43:00,610 [WARN] ModelIntegratedComponent:63 - No mode defined for component null
2026-02-27 19:43:00,615 [WARN] ModelIntegratedComponent:182 - Modes not found for component STMicroelectronics:USB_HOST:1.0.0:STMicroelectronics:USB::USB Host:Audio HS::1.0:USB_HOST_1_0_RESTRICTED_HS
2026-02-27 19:43:00,615 [WARN] ModelIntegratedComponent:188 - Modes not found for component STMicroelectronics:USB_HOST:1.0.0:STMicroelectronics:USB::USB Host:Audio HS::1.0:USB_HOST_1_0_RESTRICTED_HS
2026-02-27 19:43:00,616 [WARN] ModelIntegratedComponent:182 - Modes not found for component STMicroelectronics:USB_HOST:1.0.0:STMicroelectronics:USB::USB Host:CDC HS::1.0:USB_HOST_1_0_RESTRICTED_HS
2026-02-27 19:43:00,616 [WARN] ModelIntegratedComponent:188 - Modes not found for component STMicroelectronics:USB_HOST:1.0.0:STMicroelectronics:USB::USB Host:CDC HS::1.0:USB_HOST_1_0_RESTRICTED_HS
2026-02-27 19:43:00,616 [WARN] ModelIntegratedComponent:182 - Modes not found for component STMicroelectronics:USB_HOST:1.0.0:STMicroelectronics:USB::USB Host:MSC HS::1.0:USB_HOST_1_0_RESTRICTED_HS
2026-02-27 19:43:00,616 [WARN] ModelIntegratedComponent:188 - Modes not found for component STMicroelectronics:USB_HOST:1.0.0:STMicroelectronics:USB::USB Host:MSC HS::1.0:USB_HOST_1_0_RESTRICTED_HS
2026-02-27 19:43:00,616 [WARN] ModelIntegratedComponent:182 - Modes not found for component STMicroelectronics:USB_HOST:1.0.0:STMicroelectronics:USB::USB Host:HID HS::1.0:USB_HOST_1_0_RESTRICTED_HS
2026-02-27 19:43:00,616 [WARN] ModelIntegratedComponent:188 - Modes not found for component STMicroelectronics:USB_HOST:1.0.0:STMicroelectronics:USB::USB Host:HID HS::1.0:USB_HOST_1_0_RESTRICTED_HS
2026-02-27 19:43:00,616 [WARN] ModelIntegratedComponent:182 - Modes not found for component STMicroelectronics:USB_HOST:1.0.0:STMicroelectronics:USB::USB Host:MTP HS::1.0:USB_HOST_1_0_RESTRICTED_HS
2026-02-27 19:43:00,616 [WARN] ModelIntegratedComponent:188 - Modes not found for component STMicroelectronics:USB_HOST:1.0.0:STMicroelectronics:USB::USB Host:MTP HS::1.0:USB_HOST_1_0_RESTRICTED_HS
2026-02-27 19:43:00,622 [INFO] ThirdPartyModel:298 - Start build external matchings
2026-02-27 19:43:00,626 [INFO] ThirdPartyModel:316 - End build external matchings
2026-02-27 19:43:00,640 [INFO] ImportTextPane:194 - (OptionalMessage_ERROR) IP (RCC) : Parameter (RTCHSEDivFreq_Value) has invalid value (4000000)
2026-02-27 19:43:01,039 [INFO] UtilMem:75 - End LoadConfig() Used Memory: 243866656 Bytes (330301440)
2026-02-27 19:43:01,157 [INFO] ApiDb:581 - Connected to CubeFinder SQLite database (C:\Users\Роман\.stmcufinder\plugins\mcufinder\mcu\cube-finder-db.db)
2026-02-27 19:43:01,233 [INFO] ApiDb:668 - CubeFinder database Data Model version=2.1
2026-02-27 19:43:01,234 [INFO] ApiDb:669 - CubeFinder database Configuration version=3.0.39
2026-02-27 19:43:01,234 [INFO] ApiDb:670 - CubeFinder database generation date=2025-05-20 (1747743314)
2026-02-27 19:43:01,234 [INFO] ApiDb:671 - CubeFinder database FW Pack versions=[FP-ATR-ASTRA1_V2.0.0, FP-SNS-FLIGHT1_V5.1.0, FP-SNS-MOTENV1_V5.0.0, FP-SNS-MOTENVWB1_V1.4.0, FP-SNS-SMARTAG2_V1.2.0, FP-SNS-STBOX1_V2.0.0, STM32Cube_FW_C0_V1.4.0, STM32Cube_FW_F4_V1.28.2, STM32Cube_FW_F7_V1.17.3, STM32Cube_FW_G0_V1.6.2, STM32Cube_FW_G4_V1.6.1, STM32Cube_FW_H5_V1.5.0, STM32Cube_FW_H7RS_V1.2.0, STM32Cube_FW_H7_V1.12.1, STM32Cube_FW_L0_V1.12.2, STM32Cube_FW_L4_V1.18.1, STM32Cube_FW_L5_V1.5.1, STM32Cube_FW_N6_V1.1.1, STM32Cube_FW_U0_V1.2.0, STM32Cube_FW_U3_V1.1.0, STM32Cube_FW_U5_V1.7.0, STM32Cube_FW_WB0_V1.2.0, STM32Cube_FW_WBA_V1.6.0, STM32Cube_FW_WB_V1.22.0, STM32Cube_FW_WL3_V1.1.0, STM32Cube_FW_WL_V1.3.1, X-CUBE-ALGOBUILD_V1.4.0, X-CUBE-ALS_V1.0.2, X-CUBE-AZRTOS-F4_V1.1.0, X-CUBE-AZRTOS-F7_V1.1.0, X-CUBE-AZRTOS-G0_V1.1.0, X-CUBE-AZRTOS-G4_V2.0.0, X-CUBE-AZRTOS-H7RS_V1.1.0, X-CUBE-AZRTOS-H7_V3.3.0, X-CUBE-AZRTOS-L4_V2.0.0, X-CUBE-AZRTOS-L5_V2.0.0, X-CUBE-AZRTOS-WB_V2.0.0, X-CUBE-AZRTOS-WL_V2.0.0, X-CUBE-BLE1_V7.1.0, X-CUBE-BLE2_V3.3.0, X-CUBE-BLEMGR_V4.0.0, X-CUBE-EEPRMA1_V5.1.0, X-CUBE-FREERTOS_V1.3.1, X-CUBE-GNSS1_V6.0.0, X-CUBE-MEMS1_V11.2.0, X-CUBE-NFC4_V3.0.0, X-CUBE-NFC7_V2.0.0, X-CUBE-SFXS2LP1_V4.0.0, X-CUBE-SUBG2_V5.0.0, X-CUBE-TOF1_V3.4.3]
2026-02-27 19:43:03,472 [INFO] ApiDb:240 - Found 297 in-development CPN: [B-G473E-ZEST1S, B-WB1M-WPAN1, B-WL5M-SUBG1, NUCLEO-C031C6, NUCLEO-H503RB, NUCLEO-H563ZI, NUCLEO-U545RE-Q, NUCLEO-U5A5ZJ-Q, NUCLEO-WBA52CG, STEVAL-PROTEUS1, STEVAL-STWINBX1, STM320518-EVAL, STM32C0116-DK, STM32C011D6Y3TR, STM32C011D6Y6TR, STM32C011F4P3, STM32C011F4P6, STM32C011F4U3, STM32C011F4U6TR, STM32C011F6P3, STM32C011F6P6, STM32C011F6U3, STM32C011F6U6TR, STM32C011J4M3, STM32C011J4M6, STM32C011J6M3, STM32C011J6M6, STM32C0316-DK, STM32C031C4T3, STM32C031C4T6, STM32C031C4U3, STM32C031C4U6, STM32C031C6T3, STM32C031C6T6, STM32C031C6U3, STM32C031C6U6, STM32C031F4P3, STM32C031F4P6, STM32C031F6P3, STM32C031F6P6, STM32C031G4U3, STM32C031G4U6, STM32C031G6U3, STM32C031G6U6, STM32C031K4T3, STM32C031K4T6, STM32C031K4U3, STM32C031K4U6, STM32C031K6T3, STM32C031K6T6, STM32C031K6U3, STM32C031K6U6, STM32G071K8TXN, STM32G071K8UXN, STM32G081GBU6N, STM32G081KBT6N, STM32G081KBUXN, STM32G0B1CCT6N, STM32G0B1KCT6, STM32G0B1NEY6TR, STM32G0B1RCT6N, STM32G0C1CCT6, STM32G0C1CCT6N, STM32G0C1CCU6N, STM32G0C1CET6N, STM32G0C1CEU6N, STM32G0C1KCT6, STM32G0C1NEY6TR, STM32G0C1RCI6N, STM32G0C1RCT6N, STM32G0C1REI6N, STM32G0C1RET6N, STM32G0C1VCI6, STM32G0C1VEI6, STM32G471CCT6, STM32G471CCU6, STM32G471CET3, STM32G471CET6, STM32G471CEU3, STM32G471CEU6, STM32G471MCT6, STM32G471MET3, STM32G471MET6, STM32G471MEY6TR, STM32G471QCT6, STM32G471QET3, STM32G471RCT6, STM32G471RET3, STM32G471RET6, STM32G471VCH6, STM32G471VCI6, STM32G471VCT6, STM32G471VEH3, STM32G471VEH6, STM32G471VEI3, STM32G471VEI6, STM32G471VET3, STM32G471VET6, STM32G474CCT6, STM32H503CBT6, STM32H503CBU6, STM32H503EBY6TR, STM32H503KBU6, STM32H503RBT6, STM32H562AGI6, STM32H562AII6, STM32H562IGK6, STM32H562IGT6, STM32H562IIK6, STM32H562IIT6, STM32H562RGT6, STM32H562RGV6, STM32H562RIT6, STM32H562RIV6, STM32H562VGT6, STM32H562VIT6, STM32H562ZGT6, STM32H562ZIT6, STM32H563AGI6, STM32H563AII3Q, STM32H563AII6, STM32H563IGK6, STM32H563IGT6, STM32H563IIK3Q, STM32H563IIK6, STM32H563IIT3Q, STM32H563IIT6, STM32H563MIY3QTR, STM32H563RGT6, STM32H563RGV6, STM32H563RIT6, STM32H563RIV6, STM32H563VGT6, STM32H563VIT3Q, STM32H563VIT6, STM32H563ZGT6, STM32H563ZIT3Q, STM32H563ZIT6, STM32H573AII3Q, STM32H573AII6, STM32H573I-DK, STM32H573IIK3Q, STM32H573IIK6, STM32H573IIT3Q, STM32H573IIT6, STM32H573MIY3QTR, STM32H573RIT6, STM32H573RIV6, STM32H573VIT3Q, STM32H573VIT6, STM32H573ZIT3Q, STM32H573ZIT6, STM32L4R5QGI6STR, STM32MP131AAE3, STM32MP131AAF3, STM32MP131AAG3, STM32MP131CAE3, STM32MP131CAF3, STM32MP131CAG3, STM32MP131DAE7, STM32MP131DAF7, STM32MP131DAG7, STM32MP131FAE7, STM32MP131FAF7, STM32MP131FAG7, STM32MP133AAE3, STM32MP133AAF3, STM32MP133AAG3, STM32MP133CAE3, STM32MP133CAF3, STM32MP133CAG3, STM32MP133DAE7, STM32MP133DAF7, STM32MP133DAG7, STM32MP133FAE7, STM32MP133FAF7, STM32MP133FAG7, STM32MP135AAE3, STM32MP135AAF3, STM32MP135AAG3, STM32MP135CAE3, STM32MP135CAF3, STM32MP135CAG3, STM32MP135DAE7, STM32MP135DAF7, STM32MP135DAG7, STM32MP135F-DK, STM32MP135FAE7, STM32MP135FAF7, STM32MP135FAF7T, STM32MP135FAF7U, STM32MP135FAG7, STM32U535CBT6, STM32U535CBT6Q, STM32U535CBU6, STM32U535CBU6Q, STM32U535CCT6, STM32U535CCT6Q, STM32U535CCU6, STM32U535CCU6Q, STM32U535CET6, STM32U535CET6Q, STM32U535CEU6, STM32U535CEU6Q, STM32U535JEY6QTR, STM32U535NCY6QTR, STM32U535NEY6QTR, STM32U535RBI6, STM32U535RBI6Q, STM32U535RBT6, STM32U535RBT6Q, STM32U535RCI6, STM32U535RCI6Q, STM32U535RCT6, STM32U535RCT6Q, STM32U535REI6, STM32U535REI6Q, STM32U535RET6, STM32U535RET6Q, STM32U535VCI6, STM32U535VCI6Q, STM32U535VCT6, STM32U535VCT6Q, STM32U535VEI6, STM32U535VEI6Q, STM32U535VET6, STM32U535VET6Q, STM32U545CET6, STM32U545CET6Q, STM32U545CEU6, STM32U545CEU6Q, STM32U545JEY6QTR, STM32U545NEY6QTR, STM32U545REI6, STM32U545REI6Q, STM32U545RET6, STM32U545RET6Q, STM32U545VEI6, STM32U545VEI6Q, STM32U545VET6, STM32U545VET6Q, STM32U595AIH6, STM32U595AIH6Q, STM32U595AJH6, STM32U595AJH6Q, STM32U595QII6, STM32U595QII6Q, STM32U595QJI6, STM32U595QJI6Q, STM32U595RIT6, STM32U595RIT6Q, STM32U595RJT6, STM32U595RJT6Q, STM32U595VIT6, STM32U595VIT6Q, STM32U595VJT6, STM32U595VJT6Q, STM32U595ZIT6, STM32U595ZIT6Q, STM32U595ZIY6QTR, STM32U595ZJT6, STM32U595ZJT6Q, STM32U595ZJY6QTR, STM32U599BJY6QTR, STM32U599NIH6Q, STM32U599NJH6Q, STM32U599VIT6Q, STM32U599VJT6, STM32U599VJT6Q, STM32U599ZIT6Q, STM32U599ZIY6QTR, STM32U599ZJT6Q, STM32U599ZJY6QTR, STM32U5A5AJH6, STM32U5A5AJH6Q, STM32U5A5QJI6, STM32U5A5QJI6Q, STM32U5A5RJT6, STM32U5A5RJT6Q, STM32U5A5VJT6, STM32U5A5VJT6Q, STM32U5A5ZJT6, STM32U5A5ZJT6Q, STM32U5A5ZJY6QTR, STM32U5A9BJY6QTR, STM32U5A9J-DK, STM32U5A9NJH6Q, STM32U5A9VJT6Q, STM32U5A9ZJT6Q, STM32U5A9ZJY6QTR, STM32WB1MMCH6, STM32WBA52CEU6, STM32WBA52CEU6T, STM32WBA52CGU6, STM32WBA52CGU6T, STM32WL5MOCH6, STM32WL5MOCH6TR]
2026-02-27 19:43:03,479 [INFO] DbMcus:216 - Found 4635 MCUs, 4635 are supported
2026-02-27 19:43:03,487 [INFO] ApiDb:423 - Load user favorites file C:\Users\Роман/.stm32cubeide/favorites.mcus.txt: 1 item(s)
2026-02-27 19:43:03,488 [INFO] ApiDb:427 - User favorites MCUs=[STM32H745ZIT6]
2026-02-27 19:43:03,488 [INFO] DbMcus:222 - Set 1 / 1 favorites MCUs
2026-02-27 19:43:04,158 [WARN] ThirdParty:833 - waiting for thirdparty lock release [change project]
2026-02-27 19:43:04,158 [INFO] ThirdParty:835 - entering critical section [change project]
2026-02-27 19:43:04,158 [INFO] ThirdParty:1030 - CMSIS Pack Vendor :STMicroelectronics ThreadX 1.0.0
2026-02-27 19:43:04,158 [INFO] ThirdParty:1030 - CMSIS Pack Vendor :STMicroelectronics USB_HOST 2.0.0
2026-02-27 19:43:04,158 [INFO] ThirdParty:1030 - CMSIS Pack Vendor :STMicroelectronics LIBJPEG 8.0.0
2026-02-27 19:43:04,158 [INFO] ThirdParty:1030 - CMSIS Pack Vendor :STMicroelectronics FP-ATR-SIGFOX1 3.2.0
2026-02-27 19:43:04,158 [INFO] ThirdParty:1030 - CMSIS Pack Vendor :STMicroelectronics FreeRTOS 0.0.1
2026-02-27 19:43:04,158 [INFO] ThirdParty:1030 - CMSIS Pack Vendor :STMicroelectronics USB_DEVICE 1.0.0
2026-02-27 19:43:04,158 [INFO] ThirdParty:1030 - CMSIS Pack Vendor :STMicroelectronics STM32_WPAN 1.0.0
2026-02-27 19:43:04,158 [INFO] ThirdParty:1030 - CMSIS Pack Vendor :STMicroelectronics USB_DEVICE 3.0.0
2026-02-27 19:43:04,158 [INFO] ThirdParty:1030 - CMSIS Pack Vendor :STMicroelectronics HAL Drivers 0.0.0
2026-02-27 19:43:04,158 [INFO] ThirdParty:1030 - CMSIS Pack Vendor :STMicroelectronics MBEDTLS 2.16.2
2026-02-27 19:43:04,158 [INFO] ThirdParty:1030 - CMSIS Pack Vendor :STMicroelectronics ThreadX 0.0.2
2026-02-27 19:43:04,159 [INFO] ThirdParty:1030 - CMSIS Pack Vendor :STMicroelectronics lwIP 2.0.3
2026-02-27 19:43:04,159 [INFO] ThirdParty:1030 - CMSIS Pack Vendor :STMicroelectronics lwIP 2.1.2
2026-02-27 19:43:04,159 [INFO] ThirdParty:1030 - CMSIS Pack Vendor :STMicroelectronics MBEDTLS 2.14.1
2026-02-27 19:43:04,159 [INFO] ThirdParty:1030 - CMSIS Pack Vendor :STMicroelectronics X-CUBE-BLE2 3.3.0
2026-02-27 19:43:04,159 [INFO] ThirdParty:1030 - CMSIS Pack Vendor :STMicroelectronics USB_HOST 1.0.0
2026-02-27 19:43:04,159 [INFO] ThirdParty:1030 - CMSIS Pack Vendor :STMicroelectronics PDM2PCM 3.1.0
2026-02-27 19:43:04,159 [INFO] ThirdParty:1030 - CMSIS Pack Vendor :STMicroelectronics PDM2PCM 3.2.0
2026-02-27 19:43:04,159 [INFO] ThirdParty:1030 - CMSIS Pack Vendor :STMicroelectronics USB_DEVICE 2.0.0
2026-02-27 19:43:04,159 [INFO] ThirdParty:1030 - CMSIS Pack Vendor :STMicroelectronics PDM2PCM 3.3.0
2026-02-27 19:43:04,159 [INFO] ThirdParty:841 - exiting critical section [change project]
2026-02-27 19:43:04,595 [INFO] PinOutPanel:1499 - setPackage(No Configuration,No Configuration)
2026-02-27 19:43:04,597 [INFO] PinOutPanel:1499 - setPackage(STM32F411CEUx,UFQFPN48)
2026-02-27 19:43:05,082 [INFO] UtilMem:75 - Before build in PCC Used Memory: 287138896 Bytes (339738624)
2026-02-27 19:43:05,820 [INFO] UtilMem:75 - After build in PCC Used Memory: 292124656 Bytes (339738624)
2026-02-27 19:43:05,846 [INFO] IPUIPlugin:80 - create IPUIPlugin
2026-02-27 19:43:05,847 [INFO] IPUIPlugin:80 - create IPUIPlugin
2026-02-27 19:43:05,847 [INFO] IPUIPlugin:80 - create IPUIPlugin
2026-02-27 19:43:05,847 [INFO] IPUIPlugin:80 - create IPUIPlugin
2026-02-27 19:43:05,847 [INFO] IPUIPlugin:80 - create IPUIPlugin
2026-02-27 19:43:05,847 [INFO] IPUIPlugin:80 - create IPUIPlugin
2026-02-27 19:43:05,847 [INFO] IPUIPlugin:80 - create IPUIPlugin
2026-02-27 19:43:05,847 [INFO] IPUIPlugin:80 - create IPUIPlugin
2026-02-27 19:43:05,847 [INFO] IPUIPlugin:80 - create IPUIPlugin
2026-02-27 19:43:05,847 [INFO] IPUIPlugin:80 - create IPUIPlugin
2026-02-27 19:43:05,847 [INFO] IPUIPlugin:80 - create IPUIPlugin
2026-02-27 19:43:05,847 [INFO] IPUIPlugin:80 - create IPUIPlugin
2026-02-27 19:43:05,848 [INFO] IPUIPlugin:80 - create IPUIPlugin
2026-02-27 19:43:05,848 [INFO] IPUIPlugin:80 - create IPUIPlugin
2026-02-27 19:43:05,848 [INFO] IPUIPlugin:80 - create IPUIPlugin
2026-02-27 19:43:05,848 [INFO] IPUIPlugin:80 - create IPUIPlugin
2026-02-27 19:43:05,848 [INFO] IPUIPlugin:80 - create IPUIPlugin
2026-02-27 19:43:05,850 [INFO] IPUIPlugin:80 - create IPUIPlugin
2026-02-27 19:43:05,850 [INFO] IPUIPlugin:80 - create IPUIPlugin
2026-02-27 19:43:05,850 [INFO] IPUIPlugin:80 - create IPUIPlugin
2026-02-27 19:43:05,851 [INFO] IPUIPlugin:80 - create IPUIPlugin
2026-02-27 19:43:05,851 [INFO] IPUIPlugin:80 - create IPUIPlugin
2026-02-27 19:43:05,851 [INFO] IPUIPlugin:80 - create IPUIPlugin
2026-02-27 19:43:05,851 [INFO] IPUIPlugin:80 - create IPUIPlugin
2026-02-27 19:43:05,851 [INFO] IPUIPlugin:80 - create IPUIPlugin
2026-02-27 19:43:05,851 [INFO] IPUIPlugin:80 - create IPUIPlugin
2026-02-27 19:43:05,851 [INFO] IPUIPlugin:80 - create IPUIPlugin
2026-02-27 19:43:05,851 [INFO] IPUIPlugin:80 - create IPUIPlugin
2026-02-27 19:43:05,851 [INFO] IPUIPlugin:80 - create IPUIPlugin
2026-02-27 19:43:05,853 [INFO] IPUIPlugin:80 - create IPUIPlugin
2026-02-27 19:43:05,853 [INFO] IPUIPlugin:80 - create IPUIPlugin
2026-02-27 19:43:05,853 [INFO] IPUIPlugin:80 - create IPUIPlugin
2026-02-27 19:43:05,853 [INFO] IPUIPlugin:80 - create IPUIPlugin
2026-02-27 19:43:05,853 [INFO] IPUIPlugin:80 - create IPUIPlugin
2026-02-27 19:43:05,853 [INFO] IPUIPlugin:80 - create IPUIPlugin
2026-02-27 19:43:05,854 [INFO] IPUIPlugin:80 - create IPUIPlugin
2026-02-27 19:43:05,854 [INFO] IPUIPlugin:80 - create IPUIPlugin
2026-02-27 19:43:05,854 [INFO] IPUIPlugin:80 - create IPUIPlugin
2026-02-27 19:43:05,854 [INFO] IPUIPlugin:80 - create IPUIPlugin
2026-02-27 19:43:05,854 [INFO] IPUIPlugin:80 - create IPUIPlugin
2026-02-27 19:43:05,855 [INFO] IPUIPlugin:80 - create IPUIPlugin
2026-02-27 19:43:05,855 [INFO] IPUIPlugin:80 - create IPUIPlugin
2026-02-27 19:43:05,856 [INFO] IPUIPlugin:80 - create IPUIPlugin
2026-02-27 19:43:05,908 [INFO] ApiDbMcu:507 - Load IP Config File for PDM2PCM
2026-02-27 19:43:06,122 [INFO] CADModel:165 - CPN selected for project levelSTM32F411CEU6
2026-02-27 19:43:06,122 [INFO] CADModel:114 - Register for checkConnection events
2026-02-27 19:43:06,185 [INFO] OpenFileManager:328 - Restore cursor
2026-02-27 19:43:28,791 [INFO] ServerAccessManage:473 - Download File stm32cube_fw_f4_v1270.zip
2026-02-27 19:45:36,338 [INFO] AnalyticsPlugin:368 - Accepted License(s): [FW.F4.1.27.0]
2026-02-27 19:45:36,339 [INFO] FileExtend:240 - Unzip File : stm32cube_fw_f4_v1270.zip
2026-02-27 19:45:36,340 [INFO] FileExtend:255 - Standard Zip Deflate
2026-02-27 19:46:39,444 [INFO] ServerAccessManage:473 - Download File stm32cube_fw_f4_v1271.zip
2026-02-27 19:46:51,613 [INFO] FileExtend:240 - Unzip File : stm32cube_fw_f4_v1271.zip
2026-02-27 19:46:51,613 [INFO] FileExtend:255 - Standard Zip Deflate
2026-02-27 19:46:53,028 [INFO] LoadServerPackagesThread:196 - End of LoadServerPackages Thread
2026-02-27 19:46:53,172 [INFO] ThirdPartyModel:298 - Start build external matchings
2026-02-27 19:46:53,174 [INFO] ThirdPartyModel:316 - End build external matchings
2026-02-27 19:46:53,174 [INFO] CheckServerUpdateThread:120 - End of CheckServer Thread
2026-02-27 19:46:53,192 [INFO] UtilMem:75 - End SaveConfig() Used Memory: 971838576 Bytes (1073741824)
2026-02-27 19:46:53,853 [INFO] BlockDiagram:2759 - set Specific Code input for plugin: NVIC
2026-02-27 19:46:53,854 [INFO] BlockDiagram:2759 - set Specific Code input for plugin: USART
2026-02-27 19:46:53,854 [INFO] BlockDiagram:2759 - set Specific Code input for plugin: GPIO
2026-02-27 19:46:53,854 [INFO] BlockDiagram:2759 - set Specific Code input for plugin: RCC
2026-02-27 19:46:53,856 [INFO] CodeGenerator:793 - code generatio: config db path: C:\ST\STM32CubeIDE_1.12.1\STM32CubeIDE\plugins\com.st.stm32cube.common.mx_6.8.1.202304191431\\db\
2026-02-27 19:46:54,326 [INFO] CodeEngine:255 - oldGeneratedFile, C:\Users\Роман\STM32CubeIDE\workspace_1.12.1\BWM427_Inclinometer\MXTmpFiles\license.tmp_save
2026-02-27 19:46:54,884 [INFO] CodeEngine:279 - Generated code: C:\Users\Роман\STM32CubeIDE\workspace_1.12.1\BWM427_Inclinometer\MXTmpFiles\license.tmp
2026-02-27 19:46:54,949 [INFO] CodeEngine:255 - oldGeneratedFile, C:\Users\Роман\STM32CubeIDE\workspace_1.12.1\BWM427_Inclinometer\MXTmpFiles\gpio.tmp_save
2026-02-27 19:46:55,093 [INFO] CodeEngine:279 - Generated code: C:\Users\Роман\STM32CubeIDE\workspace_1.12.1\BWM427_Inclinometer\MXTmpFiles\gpio.tmp
2026-02-27 19:46:55,167 [INFO] CodeEngine:255 - oldGeneratedFile, C:\Users\Роман\STM32CubeIDE\workspace_1.12.1\BWM427_Inclinometer\Core\Src\stm32f4xx_it.c_save
2026-02-27 19:46:55,330 [INFO] CodeEngine:279 - Generated code: C:\Users\Роман\STM32CubeIDE\workspace_1.12.1\BWM427_Inclinometer\Core\Src\stm32f4xx_it.c
2026-02-27 19:46:55,342 [INFO] CodeEngine:255 - oldGeneratedFile, C:\Users\Роман\STM32CubeIDE\workspace_1.12.1\BWM427_Inclinometer\Core\Inc\stm32f4xx_it.h_save
2026-02-27 19:46:55,449 [INFO] CodeEngine:279 - Generated code: C:\Users\Роман\STM32CubeIDE\workspace_1.12.1\BWM427_Inclinometer\Core\Inc\stm32f4xx_it.h
2026-02-27 19:46:55,487 [INFO] CodeEngine:255 - oldGeneratedFile, C:\Users\Роман\STM32CubeIDE\workspace_1.12.1\BWM427_Inclinometer\Core\Src\stm32f4xx_hal_msp.c_save
2026-02-27 19:46:55,635 [INFO] CodeEngine:279 - Generated code: C:\Users\Роман\STM32CubeIDE\workspace_1.12.1\BWM427_Inclinometer\Core\Src\stm32f4xx_hal_msp.c
2026-02-27 19:46:55,644 [INFO] CodeEngine:255 - oldGeneratedFile, C:\Users\Роман\STM32CubeIDE\workspace_1.12.1\BWM427_Inclinometer\MXTmpFiles\system.tmp_save
2026-02-27 19:46:55,730 [INFO] CodeEngine:279 - Generated code: C:\Users\Роман\STM32CubeIDE\workspace_1.12.1\BWM427_Inclinometer\MXTmpFiles\system.tmp
2026-02-27 19:46:55,748 [INFO] CodeEngine:311 - oldGeneratedFile, C:\Users\Роман\STM32CubeIDE\workspace_1.12.1\BWM427_Inclinometer\Core\Inc\stm32f4xx_hal_conf.h_save
2026-02-27 19:46:55,854 [INFO] CodeEngine:335 - Generated code: C:\Users\Роман\STM32CubeIDE\workspace_1.12.1\BWM427_Inclinometer\Core\Inc\stm32f4xx_hal_conf.h
2026-02-27 19:46:55,914 [INFO] CodeEngine:255 - oldGeneratedFile, C:\Users\Роман\STM32CubeIDE\workspace_1.12.1\BWM427_Inclinometer\Core\Inc\main.h_save
2026-02-27 19:46:56,028 [INFO] CodeEngine:279 - Generated code: C:\Users\Роман\STM32CubeIDE\workspace_1.12.1\BWM427_Inclinometer\Core\Inc\main.h
2026-02-27 19:46:56,040 [INFO] CodeEngine:255 - oldGeneratedFile, C:\Users\Роман\STM32CubeIDE\workspace_1.12.1\BWM427_Inclinometer\Core\Src\main.c_save
2026-02-27 19:46:56,186 [INFO] CodeEngine:279 - Generated code: C:\Users\Роман\STM32CubeIDE\workspace_1.12.1\BWM427_Inclinometer\Core\Src\main.c
2026-02-27 19:46:57,234 [INFO] ProjectBuilder:2996 - Time for Copy HAL[1] : 241mS.
2026-02-27 19:46:57,258 [INFO] ProjectBuilder:4304 - Project Generator version: 3.19.2
2026-02-27 19:46:57,640 [INFO] ConfigFileManager:1483 - The Die is : DIE431
2026-02-27 19:46:57,652 [INFO] ApiDbMcu:507 - Load IP Config File for FATFS
2026-02-27 19:46:57,663 [INFO] ApiDbMcu:507 - Load IP Config File for FREERTOS
2026-02-27 19:46:57,667 [INFO] ApiDbMcu:507 - Load IP Config File for LIBJPEG
2026-02-27 19:46:57,678 [INFO] ApiDbMcu:507 - Load IP Config File for MBEDTLS
2026-02-27 19:46:57,690 [INFO] ApiDbMcu:507 - Load IP Config File for USB_DEVICE
2026-02-27 19:46:57,694 [INFO] ApiDbMcu:507 - Load IP Config File for USB_HOST
2026-02-27 19:46:58,709 [INFO] LogOutputStream:77 - [STDOUT_REDIRECT] 
2026-02-27 19:47:01,459 [INFO] ProjectBuilder:4505 - Time for Generating toolchain IDE Files: 4200mS.
2026-02-27 19:47:01,461 [INFO] ProjectBuilder:2867 - Time for Copy CMSIS : 1mS.
2026-02-27 19:47:01,465 [INFO] ProjectBuilder:2867 - Time for Copy CMSIS : 0mS.
